{
"schemaName":"enum.eslDetail.diarrhoeaVomit",
"onSave":"",
"condition":"",
"success":"",
"fail":"",
"crossEntity":"",
"properties":[


        {
        "name":"datastore",
        "type":"hidden",
        "valdn":"",
        "label":"",
        "flow":"",
        "value":"diarrhoeaVomit",
        "items":[
        
        ],
        "image":"",
        "lookup":{
        
        },
        "metadata":{
                
                },
        "crossFlow":[
        
        ],
        "crossCheck":{
        
        },
        "help":""
        },



        {
        "name":"deathId",
        "type":"hidden",
        "valdn":"",
        "label":"",
        "flow":"",
        "value":"$stateParams.deathId",
        "items":[
        
        ],
        "image":"",
        "lookup":{
        
        },
        "metadata":{
                
                },
        "crossFlow":[
        
        ],
        "crossCheck":{
        
        },
        "help":""
        },



        {
        "name":"starttime",
        "type":"hidden",
        "valdn":"",
        "label":"",
        "flow":"",
        "value":"timestamp",
        "items":[
        
        ],
        "image":"",
        "lookup":{
        
        },
        "metadata":{
                
                },
        "crossFlow":[
        
        ],
        "crossCheck":{
        
        },
        "help":""
        },



        {
        "name":"",
        "type":"heading",
        "valdn":"",
        "label":"अतिसार / जुलाब ",
        "flow":"",
        "value":"",
        "items":[
        
        ],
        "image":"",
        "lookup":{
        
        },
        "metadata":{
                
                },
        "crossFlow":[
        
        ],
        "crossCheck":{
        
        },
        "help":""
        },



        {
        "name":"diarrhoea",
        "type":"radio",
        "valdn":"required",
        "label":"त्याला/तिला (नाव) हगवण लागली होती का (शौचास जाण्याची वारंवारता जास्त असणे/ पातळ शौचास होणे)?",
        "flow":"",
        "value":"",
        "items":[
        
            {"text":"होय","value":"Yes","valdn":""},
        
            {"text":"नाही","value":"No","valdn":""},
        
            {"text":"माहीती नाही","value":"Don't know","valdn":""}
        
        ],
        "image":"",
        "lookup":{
        
        },
        "metadata":{
                
                },
        "crossFlow":[
        
        ],
        "crossCheck":{
        
        },
        "help":""
        },



        {
        "name":"totalStools",
        "type":"text",
        "valdn":"between[0:50],required",
        "label":"शौचास पातळ होण्याच्या दिवशी बाळ/मुल (नाव) कितीदा शौचास गेले (संडास केली)?",
        "flow":"data.diarrhoea=='Yes'",
        "value":"",
        "items":[
        
        ],
        "image":"",
        "lookup":{
        
        },
        "metadata":{
                
                },
        "crossFlow":[
        
        ],
        "crossCheck":{
        
        },
        "help":""
        },



        {
        "name":"startDiarrhoea",
        "type":"text",
        "valdn":"between[0:28],required",
        "label":"मृत्‍युच्‍या किती दिवसाअगोदर वारंवार पातळ किंवा सैल सुरू होत्‍या ?",
        "flow":"data.diarrhoea=='Yes'",
        "value":"",
        "items":[
        
        ],
        "image":"",
        "lookup":{
        
        },
        "metadata":{
                
                },
        "crossFlow":[
        
        {"entity":"death","field":"age_value","ref":"deathId","condition":"age_value>=0 && age_value<5","whereCondition":""}
        
        ],
        "crossCheck":{
        
            "entity":"death",
            "field":"age_value",
            "ref":"deathId",
            "condition":"between[1:{value}],required"
        
        },
        "help":""
        },



        {
        "name":"startDiarrhoea",
        "type":"select_text",
        "valdn":"required",
        "label":"मृत्युच्या किती काळ आधीपासून वारंवार/पातळ शौचास सुरुवात झाली होती?",
        "flow":"data.diarrhoea=='Yes'",
        "value":"",
        "items":[
        
            {"text":"दिवस","value":"Days","valdn":"between[1:31],required"},
        
            {"text":"महिने","value":"Months","valdn":"between[1:12],required"}
        
        ],
        "image":"",
        "lookup":{
        
        },
        "metadata":{
                
                },
        "crossFlow":[
        
        {"entity":"death","field":"age_value","ref":"deathId","condition":"age_value>=5","whereCondition":""}
        
        ],
        "crossCheck":{
        
            "entity":"death",
            "field":"age_value",
            "ref":"deathId",
            "condition":"between[1:{value}],required"
        
        },
        "help":""
        },



        {
        "name":"diarrhoeaTillDeath",
        "type":"radio",
        "valdn":"required",
        "label":"वारंवार/पातळ शौचास होण्याचा त्रास मृत्युपर्यंत सुरू होता का?",
        "flow":"data.diarrhoea=='Yes'",
        "value":"",
        "items":[
        
            {"text":"होय","value":"Yes","valdn":""},
        
            {"text":"नाही","value":"No","valdn":""},
        
            {"text":"माहीती नाही","value":"Don't know","valdn":""}
        
        ],
        "image":"",
        "lookup":{
        
        },
        "metadata":{
                
                },
        "crossFlow":[
        
        ],
        "crossCheck":{
        
        },
        "help":""
        },



        {
        "name":"stopDiarrhoeaDays",
        "type":"text",
        "valdn":"between[0:28],required",
        "label":"वारंवार सैल किंवा द्रव मृत्‍यु होईपर्यंत सुरू होत्‍या का ?",
        "flow":"data.diarrhoea=='Yes' && data.diarrhoeaTillDeath!='Yes'",
        "value":"",
        "items":[
        
        ],
        "image":"",
        "lookup":{
        
        },
        "metadata":{
                
                },
        "crossFlow":[
        
        {"entity":"death","field":"age_value","ref":"deathId","condition":"age_value>=0 && age_value<5","whereCondition":""}
        
        ],
        "crossCheck":{
        
            "entity":"death",
            "field":"age_value",
            "ref":"deathId",
            "condition":"between[1:{value}],required"
        
        },
        "help":""
        },



        {
        "name":"stopDiarrhoeaMonths",
        "type":"select_text",
        "valdn":"required",
        "label":"मृत्युच्या किती काळ आधी वारंवार/पातळ शौचास व्हायचे थांबले होते?",
        "flow":"data.diarrhoea=='Yes' && data.diarrhoeaTillDeath!='Yes'",
        "value":"",
        "items":[
        
            {"text":"दिवस","value":"Days","valdn":"between[1:31],required"},
        
            {"text":"महिने","value":"Months","valdn":"between[1:12],required"}
        
        ],
        "image":"",
        "lookup":{
        
        },
        "metadata":{
                
                },
        "crossFlow":[
        
        {"entity":"death","field":"age_value","ref":"deathId","condition":"age_value>=5","whereCondition":""}
        
        ],
        "crossCheck":{
        
            "entity":"death",
            "field":"age_value",
            "ref":"deathId",
            "condition":"between[1:{value}],required"
        
        },
        "help":""
        },



        {
        "name":"bowelHabit",
        "type":"radio",
        "valdn":"required",
        "label":"त्याच्या/तिच्या शौचास जाण्याच्या सवयीमध्ये काही बदल झाला होता का?",
        "flow":"data.diarrhoea=='Yes'",
        "value":"",
        "items":[
        
            {"text":"होय","value":"Yes","valdn":""},
        
            {"text":"नाही","value":"No","valdn":""},
        
            {"text":"माहीती नाही","value":"Don't know","valdn":""}
        
        ],
        "image":"",
        "lookup":{
        
        },
        "metadata":{
                
                },
        "crossFlow":[
        
        {"entity":"death","field":"age_value","ref":"deathId","condition":"age_value>=5","whereCondition":""}
        
        ],
        "crossCheck":{
        
        },
        "help":""
        },



        {
        "name":"bloodStool",
        "type":"radio",
        "valdn":"required",
        "label":"संडासमध्ये रक्त येत होते का?",
        "flow":"data.diarrhoea=='Yes'",
        "value":"",
        "items":[
        
            {"text":"होय","value":"Yes","valdn":""},
        
            {"text":"नाही","value":"No","valdn":""},
        
            {"text":"माहीती नाही","value":"Don't know","valdn":""}
        
        ],
        "image":"",
        "lookup":{
        
        },
        "metadata":{
                
                },
        "crossFlow":[
        
        ],
        "crossCheck":{
        
        },
        "help":""
        },



        {
        "name":"bloodStoolTillDeath",
        "type":"radio",
        "valdn":"required",
        "label":"मृत्यू होईपर्यंत संडासमध्ये रक्त येत होते का?",
        "flow":"data.diarrhoea=='Yes' && data.bloodStool=='Yes'",
        "value":"",
        "items":[
        
            {"text":"होय","value":"Yes","valdn":""},
        
            {"text":"नाही","value":"No","valdn":""},
        
            {"text":"माहीती नाही","value":"Don't know","valdn":""}
        
        ],
        "image":"",
        "lookup":{
        
        },
        "metadata":{
                
                },
        "crossFlow":[
        
        ],
        "crossCheck":{
        
        },
        "help":""
        },



        {
        "name":"",
        "type":"heading",
        "valdn":"",
        "label":"ओकारी / उलटी ",
        "flow":"",
        "value":"",
        "items":[
        
        ],
        "image":"",
        "lookup":{
        
        },
        "metadata":{
                
                },
        "crossFlow":[
        
        {"entity":"death","field":"age_value","ref":"deathId","condition":"age_value>=5","whereCondition":""}
        
        ],
        "crossCheck":{
        
        },
        "help":""
        },



        {
        "name":"vomit",
        "type":"radio",
        "valdn":"required",
        "label":"त्याला/तिला (नाव) ओकारी होत होती का?",
        "flow":"",
        "value":"",
        "items":[
        
            {"text":"होय","value":"Yes","valdn":""},
        
            {"text":"नाही","value":"No","valdn":""},
        
            {"text":"माहीती नाही","value":"Don't know","valdn":""}
        
        ],
        "image":"",
        "lookup":{
        
        },
        "metadata":{
                
                },
        "crossFlow":[
        
        ],
        "crossCheck":{
        
        },
        "help":""
        },



        {
        "name":"durationVomit",
        "type":"select_text",
        "valdn":"required",
        "label":"मृत्युच्या किती काळ आधी त्याला/तिला (नाव) ओकारीची सुरुवात झाली?",
        "flow":"data.vomit=='Yes'",
        "value":"",
        "items":[
        
            {"text":"दिवस","value":"Days","valdn":"between[1:31],required"},
        
            {"text":"महिने","value":"Months","valdn":"between[1:12],required"}
        
        ],
        "image":"",
        "lookup":{
        
        },
        "metadata":{
                
                },
        "crossFlow":[
        
        {"entity":"death","field":"age_value","ref":"deathId","condition":"age_value>=5","whereCondition":""}
        
        ],
        "crossCheck":{
        
            "entity":"death",
            "field":"age_value",
            "ref":"deathId",
            "condition":"between[1:{value}],required"
        
        },
        "help":""
        },



        {
        "name":"CofeeBloodVomit",
        "type":"radio",
        "valdn":"required",
        "label":"त्याला/तिला (नाव) 'कॉफीच्या (कत्थ्या) रंगाची' किंवा भडक लाल/रक्ताच्या रंगाची ओकारी होत होती का?",
        "flow":"data.vomit=='Yes'",
        "value":"",
        "items":[
        
            {"text":"होय","value":"Yes","valdn":""},
        
            {"text":"नाही","value":"No","valdn":""},
        
            {"text":"माहीती नाही","value":"Don't know","valdn":""}
        
        ],
        "image":"",
        "lookup":{
        
        },
        "metadata":{
                
                },
        "crossFlow":[
        
        {"entity":"death","field":"age_value","ref":"deathId","condition":"age_value>=5","whereCondition":""}
        
        ],
        "crossCheck":{
        
        },
        "help":""
        },



        {
        "name":"blackVomit",
        "type":"radio",
        "valdn":"required",
        "label":"ओकारी काळ्या रंगाची होती का?",
        "flow":"data.vomit=='Yes'",
        "value":"",
        "items":[
        
            {"text":"होय","value":"Yes","valdn":""},
        
            {"text":"नाही","value":"No","valdn":""},
        
            {"text":"माहीती नाही","value":"Don't know","valdn":""}
        
        ],
        "image":"",
        "lookup":{
        
        },
        "metadata":{
                
                },
        "crossFlow":[
        
        {"entity":"death","field":"age_value","ref":"deathId","condition":"age_value>=5","whereCondition":""}
        
        ],
        "crossCheck":{
        
        },
        "help":""
        },



        {
        "name":"tongueWhite",
        "type":"radio",
        "valdn":"required",
        "label":"जीभ सफेद पडली होती का ?",
        "flow":"data.vomit=='Yes'",
        "value":"",
        "items":[
        
            {"text":"होय","value":"Yes","valdn":""},
        
            {"text":"नाही","value":"No","valdn":""},
        
            {"text":"माहीती नाही","value":"Don't know","valdn":""}
        
        ],
        "image":"",
        "lookup":{
        
        },
        "metadata":{
                
                },
        "crossFlow":[
        
        {"entity":"death","field":"age_value","ref":"deathId","condition":"age_value>=5","whereCondition":""}
        
        ],
        "crossCheck":{
        
        },
        "help":""
        },



        {
        "name":"sunkenEyes",
        "type":"radio",
        "valdn":"required",
        "label":"त्याचे/तिचे (नाव) डोळे सुकल्यासारखे/खोलवर गेल्यासारखे दिसत होते का?",
        "flow":"data.vomit=='Yes'",
        "value":"",
        "items":[
        
            {"text":"होय","value":"Yes","valdn":""},
        
            {"text":"नाही","value":"No","valdn":""},
        
            {"text":"माहीती नाही","value":"Don't know","valdn":""}
        
        ],
        "image":"",
        "lookup":{
        
        },
        "metadata":{
                
                },
        "crossFlow":[
        
        {"entity":"death","field":"age_value","ref":"deathId","condition":"age_value>=0.92 && age_value<5","whereCondition":""}
        
        ],
        "crossCheck":{
        
        },
        "help":""
        }



]
}