{
"schemaName":"enum.eslDetail.paralysis",
"onSave":"",
"condition":"",
"success":"",
"fail":"",
"crossEntity":"",
"properties":[


        {
        "name":"datastore",
        "type":"hidden",
        "valdn":"",
        "label":"",
        "flow":"",
        "value":"paralysis",
        "items":[
        
        ],
        "image":"",
        "lookup":{
        
        },
        "metadata":{
                
                },
        "crossFlow":[
        
        ],
        "crossCheck":{
        
        },
        "help":""
        },



        {
        "name":"deathId",
        "type":"hidden",
        "valdn":"",
        "label":"",
        "flow":"",
        "value":"$stateParams.deathId",
        "items":[
        
        ],
        "image":"",
        "lookup":{
        
        },
        "metadata":{
                
                },
        "crossFlow":[
        
        ],
        "crossCheck":{
        
        },
        "help":""
        },



        {
        "name":"starttime",
        "type":"hidden",
        "valdn":"",
        "label":"",
        "flow":"",
        "value":"timestamp",
        "items":[
        
        ],
        "image":"",
        "lookup":{
        
        },
        "metadata":{
                
                },
        "crossFlow":[
        
        ],
        "crossCheck":{
        
        },
        "help":""
        },



        {
        "name":"",
        "type":"heading",
        "valdn":"",
        "label":"अर्धांगवायू ",
        "flow":"",
        "value":"",
        "items":[
        
        ],
        "image":"",
        "lookup":{
        
        },
        "metadata":{
                
                },
        "crossFlow":[
        
        {"entity":"death","field":"age_value","ref":"deathId","condition":"age_value>=5","whereCondition":""}
        
        ],
        "crossCheck":{
        
        },
        "help":""
        },



        {
        "name":"paralysis",
        "type":"radio",
        "valdn":"required",
        "label":"त्याला/तिला पक्षाघात  होता का?",
        "flow":"",
        "value":"",
        "items":[
        
            {"text":"होय","value":"Yes","valdn":""},
        
            {"text":"नाही","value":"No","valdn":""},
        
            {"text":"माहीती नाही","value":"Don't know","valdn":""}
        
        ],
        "image":"",
        "lookup":{
        
        },
        "metadata":{
                
                },
        "crossFlow":[
        
        {"entity":"death","field":"age_value","ref":"deathId","condition":"age_value>=5","whereCondition":""}
        
        ],
        "crossCheck":{
        
        },
        "help":""
        },



        {
        "name":"durationParalysis",
        "type":"select_text",
        "valdn":"required",
        "label":"मृत्यू अगोदर किती वेळ त्याला/तिला पक्षाघात  होता ?",
        "flow":"data.paralysis=='Yes'",
        "value":"",
        "items":[
        
            {"text":"दिवस","value":"Days","valdn":"between[1:31],required"},
        
            {"text":"महिने","value":"Months","valdn":"between[1:12],required"},
        
            {"text":"वर्षे","value":"Years","valdn":"between[1:120],required"}
        
        ],
        "image":"",
        "lookup":{
        
        },
        "metadata":{
                
                },
        "crossFlow":[
        
        {"entity":"death","field":"age_value","ref":"deathId","condition":"age_value>=5","whereCondition":""}
        
        ],
        "crossCheck":{
        
            "entity":"death",
            "field":"age_value",
            "ref":"deathId",
            "condition":"between[1:{value}],required"
        
        },
        "help":""
        },



        {
        "name":"paralysisPart",
        "type":"radio",
        "valdn":"required",
        "label":"शरीराचा कुठल्या भागाला पक्षाघात झाला होता?",
        "flow":"data.paralysis=='Yes'",
        "value":"",
        "items":[
        
            {"text":"उजवी बाजू","value":"Right side","valdn":""},
        
            {"text":"डावी बाजू","value":"Left side","valdn":""},
        
            {"text":" शरिराचे खालचे अवयव","value":"Lower part of body","valdn":""},
        
            {"text":" शरिराचे वरचे अवयव","value":"Upper part of body","valdn":""},
        
            {"text":"फक्त एक पाय","value":"One leg only","valdn":""},
        
            {"text":"फक्त एक हात","value":"One arm only","valdn":""},
        
            {"text":"पुर्ण शरिर","value":"Whole body","valdn":""},
        
            {"text":"इतर","value":"Other","valdn":""},
        
            {"text":"माहिती नाही","value":"Don't know ","valdn":""}
        
        ],
        "image":"",
        "lookup":{
        
        },
        "metadata":{
                
                },
        "crossFlow":[
        
        {"entity":"death","field":"age_value","ref":"deathId","condition":"age_value>=5","whereCondition":""}
        
        ],
        "crossCheck":{
        
        },
        "help":""
        },



        {
        "name":"otherParalysisPart",
        "type":"text",
        "valdn":"required",
        "label":"शरीराच्या कुठल्या भागाला पक्षाघात झाला ते स्पष्ट करा ",
        "flow":"data.paralysis=='Yes' && data.paralysisPart=='Other'",
        "value":"",
        "items":[
        
        ],
        "image":"",
        "lookup":{
        
        },
        "metadata":{
                
                },
        "crossFlow":[
        
        {"entity":"death","field":"age_value","ref":"deathId","condition":"age_value>=5","whereCondition":""}
        
        ],
        "crossCheck":{
        
        },
        "help":""
        },



        {
        "name":"paralysisWith",
        "type":"checkbox",
        "valdn":"required",
        "label":"अर्धांगवायू पुढील लक्षणा सोबत होता का ? ",
        "flow":"data.paralysis=='Yes'",
        "value":"",
        "items":[
        
            {"text":"शुध्द हरपणे ","value":"1","valdn":""},
        
            {"text":"दृष्टी हरपणे ","value":"2","valdn":""},
        
            {"text":"मूत्रविकार ","value":"3","valdn":""},
        
            {"text":"संवेदना हरपणे ","value":"4","valdn":""},
        
            {"text":"बोलण्यातील बदल ","value":"5","valdn":""},
        
            {"text":"अचानक डोकेदुखी आणि गोंधळ ","value":"6","valdn":""},
        
            {"text":"आकडी येणे ","value":"7","valdn":""}
        
        ],
        "image":"",
        "lookup":{
        
        },
        "metadata":{
                
                },
        "crossFlow":[
        
        {"entity":"death","field":"age_value","ref":"deathId","condition":"age_value>=5","whereCondition":""}
        
        ],
        "crossCheck":{
        
        },
        "help":""
        }



]
}