{
"schemaName":"enum.visitDetail.basicInf",
"onSave":"",
"condition":"data.hhAvailability=='Available'",
"success":"enum.householdDetail.basicInf",
"fail":"enum.houseDetail.household",
"crossEntity":"",
"properties":[


        {
        "name":"datastore",
        "type":"hidden",
        "valdn":"",
        "label":"",
        "flow":"",
        "value":"enumVisit",
        "items":[
        
        ],
        "image":"",
        "lookup":{
        
        },
        "metadata":{
                
                },
        "crossFlow":[
        
        ],
        "crossCheck":{
        
        },
        "help":""
        },



        {
        "name":"householdId",
        "type":"hidden",
        "valdn":"",
        "label":"",
        "flow":"",
        "value":"$stateParams.householdId",
        "items":[
        
        ],
        "image":"",
        "lookup":{
        
        },
        "metadata":{
                
                },
        "crossFlow":[
        
        ],
        "crossCheck":{
        
        },
        "help":""
        },



        {
        "name":"surveyor",
        "type":"hidden",
        "valdn":"",
        "label":"",
        "flow":"",
        "value":"user.id",
        "items":[
        
        ],
        "image":"",
        "lookup":{
        
        },
        "metadata":{
                
                },
        "crossFlow":[
        
        ],
        "crossCheck":{
        
        },
        "help":""
        },



        {
        "name":"hhAvailability",
        "type":"radio",
        "valdn":"required",
        "label":"घरातील सदस्यांची उपलब्धता ",
        "flow":"",
        "value":"",
        "items":[
        
            {"text":"उपलब्ध","value":"Available","valdn":""},
        
            {"text":"भेटीच्या वेळी कोणीही व्यक्ती किंवा जबाबदार व्यक्ती घरी नव्हती","value":"TempAbsent","valdn":""},
        
            {"text":"घरातील सर्व व्यक्ती काही काळासाठी गैरहजर कमीत कमी तीन  वेडा ","value":"PermAbsent","valdn":""},
        
            {"text":"पुढे ढकलण्यात आले","value":"Postponed","valdn":""},
        
            {"text":"नकार दिला","value":"Refused","valdn":""}
        
        ],
        "image":"",
        "lookup":{
        
        },
        "metadata":{
                
                },
        "crossFlow":[
        
        ],
        "crossCheck":{
        
        },
        "help":""
        }



]
}