{
"schemaName":"enum.eslDetail.injury",
"onSave":"",
"condition":"",
"success":"",
"fail":"",
"crossEntity":"",
"properties":[


        {
        "name":"datastore",
        "type":"hidden",
        "valdn":"",
        "label":"",
        "flow":"",
        "value":"injury",
        "items":[
        
        ],
        "image":"",
        "lookup":{
        
        },
        "metadata":{
                
                },
        "crossFlow":[
        
        ],
        "crossCheck":{
        
        },
        "help":""
        },



        {
        "name":"deathId",
        "type":"hidden",
        "valdn":"",
        "label":"",
        "flow":"",
        "value":"$stateParams.deathId",
        "items":[
        
        ],
        "image":"",
        "lookup":{
        
        },
        "metadata":{
                
                },
        "crossFlow":[
        
        ],
        "crossCheck":{
        
        },
        "help":""
        },



        {
        "name":"starttime",
        "type":"hidden",
        "valdn":"",
        "label":"",
        "flow":"",
        "value":"timestamp",
        "items":[
        
        ],
        "image":"",
        "lookup":{
        
        },
        "metadata":{
                
                },
        "crossFlow":[
        
        ],
        "crossCheck":{
        
        },
        "help":""
        },



        {
        "name":"",
        "type":"heading",
        "valdn":"",
        "label":"दुखापत ",
        "flow":"",
        "value":"",
        "items":[
        
        ],
        "image":"",
        "lookup":{
        
        },
        "metadata":{
                
                },
        "crossFlow":[
        
        ],
        "crossCheck":{
        
        },
        "help":""
        },



        {
        "name":"injury",
        "type":"radio",
        "valdn":"required",
        "label":"त्याला/तिला'काही जखम झाली होती का ज्यामुळे मृत्यू झाला?",
        "flow":"",
        "value":"",
        "items":[
        
            {"text":"होय","value":"Yes","valdn":""},
        
            {"text":"नाही","value":"No","valdn":""},
        
            {"text":"माहीती नाही","value":"Don't know","valdn":""}
        
        ],
        "image":"",
        "lookup":{
        
        },
        "metadata":{
                
                },
        "crossFlow":[
        
        ],
        "crossCheck":{
        
        },
        "help":""
        },



        {
        "name":"kindAccident",
        "type":"radio",
        "valdn":"required",
        "label":"तो स्पष्ट करा ",
        "flow":"data.injury=='Yes'",
        "value":"",
        "items":[
        
            {"text":"रस्ते अपघात ","value":"Road traffic accident","valdn":""},
        
            {"text":"पडणे किंवा आदळणे ","value":"Falls","valdn":""},
        
            {"text":"एखादी वस्तू अंगावर पडणे किंवा आदळणे ","value":"Fall of objects","valdn":""},
        
            {"text":"जळणे किंवा भाजणे","value":"Burns","valdn":""},
        
            {"text":"बुडणे ","value":"Drowning","valdn":""},
        
            {"text":"विषबाधा ","value":"Poisoning","valdn":""},
        
            {"text":"चावा ध् नांगी","value":"Bite/sting","valdn":""},
        
            {"text":"नैसर्गिक आपत्ती","value":"Natural disaster","valdn":""},
        
            {"text":"खून किंवा हत्या ","value":"Homicide/assault","valdn":""},
        
            {"text":"अज्ञात","value":"Unknown","valdn":""}
        
        ],
        "image":"",
        "lookup":{
        
        },
        "metadata":{
                
                },
        "crossFlow":[
        
        {"entity":"death","field":"age_value","ref":"deathId","condition":"age_value >=0 && age_value<15","whereCondition":""}
        
        ],
        "crossCheck":{
        
        },
        "help":""
        },



        {
        "name":"kindAccidentSuicide",
        "type":"radio",
        "valdn":"required",
        "label":"तो स्पष्ट करा ",
        "flow":"data.injury=='Yes'",
        "value":"",
        "items":[
        
            {"text":"रस्ते अपघात ","value":"Road traffic accident","valdn":""},
        
            {"text":"आत्महत्या ","value":"Suicide ","valdn":""},
        
            {"text":"खून किंवा हत्या ","value":"Homicide/assault","valdn":""},
        
            {"text":"पडणे किंवा आदळणे ","value":"Falls","valdn":""},
        
            {"text":"एखादी वस्तू अंगावर पडणे किंवा आदळणे ","value":"Fall of objects","valdn":""},
        
            {"text":"जळणे किंवा भाजणे","value":"Burns","valdn":""},
        
            {"text":"बुडणे ","value":"Drowning","valdn":""},
        
            {"text":"विषबाधा ","value":"Poisoning","valdn":""},
        
            {"text":"चावा ध् नांगी ","value":"Bite/sting","valdn":""},
        
            {"text":" नैसर्गिक आपत्ती ","value":"Natural disaster","valdn":""},
        
            {"text":"अज्ञात","value":"Unknown","valdn":""}
        
        ],
        "image":"",
        "lookup":{
        
        },
        "metadata":{
                
                },
        "crossFlow":[
        
        {"entity":"death","field":"age_value","ref":"deathId","condition":"age_value>=15 && age_value<71","whereCondition":""}
        
        ],
        "crossCheck":{
        
        },
        "help":""
        },



        {
        "name":"causeRta",
        "type":"radio",
        "valdn":"required",
        "label":"मृतकाचा तो रस्ते अपघात होता का ?",
        "flow":"data.kindAccidentSuicide=='Road traffic accident' || data.kindAccident=='Road traffic accident'",
        "value":"",
        "items":[
        
            {"text":"पादचारी ","value":"Pedestrian","valdn":""},
        
            {"text":"सायकल स्वार","value":"Pedal cyclist","valdn":""},
        
            {"text":"मोटार सायकल स्वार","value":"Motor cyclist","valdn":""},
        
            {"text":"३ चाकी ए ४ चाकी वाहने किंवा माल वाहतुकीची वाहने ","value":"3 wheeler, car/ truck, van ","valdn":""}
        
        ],
        "image":"",
        "lookup":{
        
        },
        "metadata":{
                
                },
        "crossFlow":[
        
        {"entity":"death","field":"age_value","ref":"deathId","condition":"age_value>=5","whereCondition":""}
        
        ],
        "crossCheck":{
        
        },
        "help":""
        },



        {
        "name":"surviveAfterInjury",
        "type":"select_text",
        "valdn":"required",
        "label":"जखम/अपघातझाल्यानंतर तो/ती किती काळ जिवंत होती??",
        "flow":"data.injury=='Yes'",
        "value":"",
        "items":[
        
            {"text":"दिवस","value":"Days","valdn":"between[1:31],required"},
        
            {"text":"महिने","value":"Months","valdn":"between[1:12],required"},
        
            {"text":"वर्षे","value":"Years","valdn":"between[1:120],required"}
        
        ],
        "image":"",
        "lookup":{
        
        },
        "metadata":{
                
                },
        "crossFlow":[
        
        ],
        "crossCheck":{
        
            "entity":"death",
            "field":"age_value",
            "ref":"deathId",
            "condition":"between[1:{value}],required"
        
        },
        "help":""
        }



]
}