{
"schemaName":"enum.eslDetail.breathing",
"onSave":"",
"condition":"",
"success":"",
"fail":"",
"crossEntity":"",
"properties":[


        {
        "name":"datastore",
        "type":"hidden",
        "valdn":"",
        "label":"",
        "flow":"",
        "value":"breathing",
        "items":[
        
        ],
        "image":"",
        "lookup":{
        
        },
        "metadata":{
                
                },
        "crossFlow":[
        
        ],
        "crossCheck":{
        
        },
        "help":""
        },



        {
        "name":"deathId",
        "type":"hidden",
        "valdn":"",
        "label":"",
        "flow":"",
        "value":"$stateParams.deathId",
        "items":[
        
        ],
        "image":"",
        "lookup":{
        
        },
        "metadata":{
                
                },
        "crossFlow":[
        
        ],
        "crossCheck":{
        
        },
        "help":""
        },



        {
        "name":"starttime",
        "type":"hidden",
        "valdn":"",
        "label":"",
        "flow":"",
        "value":"timestamp",
        "items":[
        
        ],
        "image":"",
        "lookup":{
        
        },
        "metadata":{
                
                },
        "crossFlow":[
        
        ],
        "crossCheck":{
        
        },
        "help":""
        },



        {
        "name":"",
        "type":"heading",
        "valdn":"",
        "label":"श्वसनक्रिया ",
        "flow":"",
        "value":"",
        "items":[
        
        ],
        "image":"",
        "lookup":{
        
        },
        "metadata":{
                
                },
        "crossFlow":[
        
        ],
        "crossCheck":{
        
        },
        "help":""
        },



        {
        "name":"breathingDifficulty",
        "type":"radio",
        "valdn":"required",
        "label":"मृत्युपुर्वीच्या आजारात कधी त्याची/तिची (नाव) श्वसनाची गती जास्त झाली होती का?",
        "flow":"",
        "value":"",
        "items":[
        
            {"text":"होय","value":"Yes","valdn":""},
        
            {"text":"नाही","value":"No","valdn":""},
        
            {"text":"माहीती नाही","value":"Don't know","valdn":""}
        
        ],
        "image":"",
        "lookup":{
        
        },
        "metadata":{
                
                },
        "crossFlow":[
        
        ],
        "crossCheck":{
        
        },
        "help":""
        },



        {
        "name":"durationBreathingDifficulty",
        "type":"text",
        "valdn":"between[0:28],required",
        "label":"मृतकास मागील किती दिवसपासून श्वसनाचा त्रास जाणवत होता ? ",
        "flow":"data.breathingDifficulty=='Yes'",
        "value":"",
        "items":[
        
        ],
        "image":"",
        "lookup":{
        
        },
        "metadata":{
                
                },
        "crossFlow":[
        
        {"entity":"death","field":"age_value","ref":"deathId","condition":"age_value>=0 && age_value<5","whereCondition":""}
        
        ],
        "crossCheck":{
        
            "entity":"death",
            "field":"age_value",
            "ref":"deathId",
            "condition":"between[1:{value}],required"
        
        },
        "help":""
        },



        {
        "name":"durationBreathingDifficulty",
        "type":"select_text",
        "valdn":"required",
        "label":"श्वास घ्यायला होत असलेला त्रास किती काळ सुरू होता?",
        "flow":"data.breathingDifficulty=='Yes'",
        "value":"",
        "items":[
        
            {"text":"दिवस","value":"Days","valdn":"between[1:31],required"},
        
            {"text":"महिने","value":"Months","valdn":"between[1:12],required"},
        
            {"text":"वर्षे","value":"Years","valdn":"between[1:120],required"}
        
        ],
        "image":"",
        "lookup":{
        
        },
        "metadata":{
                
                },
        "crossFlow":[
        
        {"entity":"death","field":"age_value","ref":"deathId","condition":"age_value>=5","whereCondition":""}
        
        ],
        "crossCheck":{
        
            "entity":"death",
            "field":"age_value",
            "ref":"deathId",
            "condition":"between[1:{value}],required"
        
        },
        "help":""
        },



        {
        "name":"fastBreathing",
        "type":"radio",
        "valdn":"required",
        "label":"त्याची/तिची (नाव) श्वसनाची गती जास्त होती का?",
        "flow":"data.breathingDifficulty=='Yes'",
        "value":"",
        "items":[
        
            {"text":"होय","value":"Yes","valdn":""},
        
            {"text":"नाही","value":"No","valdn":""},
        
            {"text":"माहीती नाही","value":"Don't know","valdn":""}
        
        ],
        "image":"",
        "lookup":{
        
        },
        "metadata":{
                
                },
        "crossFlow":[
        
        ],
        "crossCheck":{
        
        },
        "help":""
        },



        {
        "name":"durationFastBreathing",
        "type":"text",
        "valdn":"between[0:28],required",
        "label":"त्याची / तिची श्वसनाची गती वाढत होती का ?",
        "flow":"data.breathingDifficulty=='Yes'  &&  data.fastBreathing=='Yes'",
        "value":"",
        "items":[
        
        ],
        "image":"",
        "lookup":{
        
        },
        "metadata":{
                
                },
        "crossFlow":[
        
        {"entity":"death","field":"age_value","ref":"deathId","condition":"age_value>=0 && age_value<5","whereCondition":""}
        
        ],
        "crossCheck":{
        
            "entity":"death",
            "field":"age_value",
            "ref":"deathId",
            "condition":"between[1:{value}],required"
        
        },
        "help":""
        },



        {
        "name":"durationFastBreathing",
        "type":"select_text",
        "valdn":"required",
        "label":"किती काळासाठी त्याची/ तिची (नाव) श्वसनाची गती जास्त होती?",
        "flow":"data.breathingDifficulty=='Yes'  &&  data.fastBreathing=='Yes'",
        "value":"",
        "items":[
        
            {"text":"दिवस","value":"Days","valdn":"between[1:31],required"},
        
            {"text":"महिने","value":"Months","valdn":"between[1:12],required"},
        
            {"text":"वर्षे","value":"Years","valdn":"between[1:120],required"}
        
        ],
        "image":"",
        "lookup":{
        
        },
        "metadata":{
                
                },
        "crossFlow":[
        
        {"entity":"death","field":"age_value","ref":"deathId","condition":"age_value>=5","whereCondition":""}
        
        ],
        "crossCheck":{
        
            "entity":"death",
            "field":"age_value",
            "ref":"deathId",
            "condition":"between[1:{value}],required"
        
        },
        "help":""
        },



        {
        "name":"patternBreathingDifficulty",
        "type":"radio",
        "valdn":"required",
        "label":"श्वास घ्यायला होत असलेला त्रास सतत होत होता की अधून-मधून होत होता?",
        "flow":"data.breathingDifficulty=='Yes'",
        "value":"",
        "items":[
        
            {"text":"सतत","value":"Continuous","valdn":""},
        
            {"text":"चालु आणि बंद  कधी मधी","value":"On and off","valdn":""},
        
            {"text":"माहिती नाही","value":"Don't know ","valdn":""}
        
        ],
        "image":"",
        "lookup":{
        
        },
        "metadata":{
                
                },
        "crossFlow":[
        
        ],
        "crossCheck":{
        
        },
        "help":""
        },



        {
        "name":"position",
        "type":"radio",
        "valdn":"required",
        "label":"श्वास घ्यायला होत असलेला त्रास शरीराच्या कोणत्या अवस्थेत वाढत होता?",
        "flow":"data.breathingDifficulty=='Yes'",
        "value":"",
        "items":[
        
            {"text":"आडवा पडुन","value":"Lying","valdn":""},
        
            {"text":"बसून","value":"Sitting","valdn":""},
        
            {"text":"चालत","value":"Walking","valdn":""},
        
            {"text":"व्यायाम करत असतांना","value":"During exertion","valdn":""},
        
            {"text":"फरक पडत नाही","value":"Didnt matter","valdn":""},
        
            {"text":"माहिती नाही","value":"Don't know ","valdn":""}
        
        ],
        "image":"",
        "lookup":{
        
        },
        "metadata":{
                
                },
        "crossFlow":[
        
        {"entity":"death","field":"age_value","ref":"deathId","condition":"age_value>=5","whereCondition":""}
        
        ],
        "crossCheck":{
        
        },
        "help":""
        },



        {
        "name":"chestPull",
        "type":"radio",
        "valdn":"required",
        "label":"श्वासोच्छवास सुरू असतांना छातिचा पिंजरा/बरगड्या आत ओढल्या गेल्यासारख्या तुम्हाला दिसत होत्या का?",
        "flow":"data.breathingDifficulty=='Yes'",
        "value":"",
        "items":[
        
            {"text":"होय","value":"Yes","valdn":""},
        
            {"text":"नाही","value":"No","valdn":""},
        
            {"text":"माहीती नाही","value":"Don't know","valdn":""}
        
        ],
        "image":"",
        "lookup":{
        
        },
        "metadata":{
                
                },
        "crossFlow":[
        
        {"entity":"death","field":"age_value","ref":"deathId","condition":"age_value>=0 && age_value<5","whereCondition":""}
        
        ],
        "crossCheck":{
        
        },
        "help":""
        },



        {
        "name":"breathingSound",
        "type":"checkbox",
        "valdn":"required",
        "label":"मृत्युपुर्वीच्या आजारात कधी त्याचा/तिचा (नाव) श्वासोच्छवास खालील प्रमाणे वाटला का: घोघरा/ रेकल्यासारखा/ घरघरल्यासारखा",
        "flow":"data.breathingDifficulty=='Yes'",
        "value":"",
        "items":[
        
            {"text":"  श्वास घेताना येणारा कर्न कटु आवाज","value":"Stridor","valdn":""},
        
            {"text":"घरघर","value":"Grunting","valdn":""},
        
            {"text":"शिटी सारखा आवाज","value":"Wheezing","valdn":""},
        
            {"text":"माहिती नाही","value":"Don't know ","valdn":""}
        
        ],
        "image":"",
        "lookup":{
        
        },
        "metadata":{
                
                },
        "crossFlow":[
        
        ],
        "crossCheck":{
        
        },
        "help":""
        },



        {
        "name":"",
        "type":"heading",
        "valdn":"",
        "label":"खोकला ",
        "flow":"",
        "value":"",
        "items":[
        
        ],
        "image":"",
        "lookup":{
        
        },
        "metadata":{
                
                },
        "crossFlow":[
        
        ],
        "crossCheck":{
        
        },
        "help":""
        },



        {
        "name":"cough",
        "type":"radio",
        "valdn":"required",
        "label":"त्याला/तिला (नाव) खोकला होता का?",
        "flow":"",
        "value":"",
        "items":[
        
            {"text":"होय","value":"Yes","valdn":""},
        
            {"text":"नाही","value":"No","valdn":""},
        
            {"text":"माहीती नाही","value":"Don't know","valdn":""}
        
        ],
        "image":"",
        "lookup":{
        
        },
        "metadata":{
                
                },
        "crossFlow":[
        
        ],
        "crossCheck":{
        
        },
        "help":""
        },



        {
        "name":"durationDays",
        "type":"text",
        "valdn":"between[0:28],required",
        "label":"मृतकास मागील किती दिवसपासून खोकल्याचा त्रास जाणवत होता ? ",
        "flow":"data.cough=='Yes'",
        "value":"",
        "items":[
        
        ],
        "image":"",
        "lookup":{
        
        },
        "metadata":{
                
                },
        "crossFlow":[
        
        {"entity":"death","field":"age_value","ref":"deathId","condition":"age_value>=0 && age_value<0.079","whereCondition":""}
        
        ],
        "crossCheck":{
        
            "entity":"death",
            "field":"age_value",
            "ref":"deathId",
            "condition":"between[1:{value}],required"
        
        },
        "help":""
        },



        {
        "name":"duration",
        "type":"select_text",
        "valdn":"required",
        "label":"त्याला/तिला (नाव) खोकला किती काळासाठी होता?",
        "flow":"data.cough=='Yes'",
        "value":"",
        "items":[
        
            {"text":"दिवस","value":"Days","valdn":"between[1:31],required"},
        
            {"text":"महिने","value":"Months","valdn":"between[1:12],required"},
        
            {"text":"वर्षे","value":"Years","valdn":"between[1:120],required"}
        
        ],
        "image":"",
        "lookup":{
        
        },
        "metadata":{
                
                },
        "crossFlow":[
        
        {"entity":"death","field":"age_value","ref":"deathId","condition":"age_value>0.077","whereCondition":""}
        
        ],
        "crossCheck":{
        
            "entity":"death",
            "field":"age_value",
            "ref":"deathId",
            "condition":"between[1:{value}],required"
        
        },
        "help":""
        },



        {
        "name":"sputum",
        "type":"radio",
        "valdn":"required",
        "label":"खोकल्यासोबत ठसा येत होता का?",
        "flow":"data.cough=='Yes'",
        "value":"",
        "items":[
        
            {"text":"होय","value":"Yes","valdn":""},
        
            {"text":"नाही","value":"No","valdn":""},
        
            {"text":"माहीती नाही","value":"Don't know","valdn":""}
        
        ],
        "image":"",
        "lookup":{
        
        },
        "metadata":{
                
                },
        "crossFlow":[
        
        {"entity":"death","field":"age_value","ref":"deathId","condition":"age_value>=0.91","whereCondition":""}
        
        ],
        "crossCheck":{
        
        },
        "help":""
        },



        {
        "name":"severe",
        "type":"radio",
        "valdn":"required",
        "label":"खोकला फार जास्त होता का?",
        "flow":"data.cough=='Yes'",
        "value":"",
        "items":[
        
            {"text":"होय","value":"Yes","valdn":""},
        
            {"text":"नाही","value":"No","valdn":""},
        
            {"text":"माहीती नाही","value":"Don't know","valdn":""}
        
        ],
        "image":"",
        "lookup":{
        
        },
        "metadata":{
                
                },
        "crossFlow":[
        
        {"entity":"death","field":"age_value","ref":"deathId","condition":"age_value>=5","whereCondition":""}
        
        ],
        "crossCheck":{
        
        },
        "help":""
        },



        {
        "name":"vomit",
        "type":"radio",
        "valdn":"required",
        "label":"त्याने/तिने (नाव) कधी खोकल्यानंतर ओकारी केली का?",
        "flow":"data.cough=='Yes'",
        "value":"",
        "items":[
        
            {"text":"होय","value":"Yes","valdn":""},
        
            {"text":"नाही","value":"No","valdn":""},
        
            {"text":"माहीती नाही","value":"Don't know","valdn":""}
        
        ],
        "image":"",
        "lookup":{
        
        },
        "metadata":{
                
                },
        "crossFlow":[
        
        {"entity":"death","field":"age_value","ref":"deathId","condition":"age_value>=0.91","whereCondition":""}
        
        ],
        "crossCheck":{
        
        },
        "help":""
        },



        {
        "name":"blood",
        "type":"radio",
        "valdn":"required",
        "label":"त्याने/तिने (नाव) खोकलण्याचा वेळी कधी रक्त किंवा रक्ताळलेला ठसा बाहेर पडला का?",
        "flow":"data.cough=='Yes'",
        "value":"",
        "items":[
        
            {"text":"होय","value":"Yes","valdn":""},
        
            {"text":"नाही","value":"No","valdn":""},
        
            {"text":"माहीती नाही","value":"Don't know","valdn":""}
        
        ],
        "image":"",
        "lookup":{
        
        },
        "metadata":{
                
                },
        "crossFlow":[
        
        {"entity":"death","field":"age_value","ref":"deathId","condition":"age_value>=0.91","whereCondition":""}
        
        ],
        "crossCheck":{
        
        },
        "help":""
        },



        {
        "name":"whoopingSound",
        "type":"radio",
        "valdn":"required",
        "label":"त्याने/ तिने (नाव) खोकलण्याचा वेळी डांग्या खोकल्यासारखा आवाज येत होता का?",
        "flow":"data.cough=='Yes'",
        "value":"",
        "items":[
        
            {"text":"होय","value":"Yes","valdn":""},
        
            {"text":"नाही","value":"No","valdn":""},
        
            {"text":"माहीती नाही","value":"Don't know","valdn":""}
        
        ],
        "image":"",
        "lookup":{
        
        },
        "metadata":{
                
                },
        "crossFlow":[
        
        {"entity":"death","field":"age_value","ref":"deathId","condition":"age_value>=0.92 && age_value<5","whereCondition":""}
        
        ],
        "crossCheck":{
        
        },
        "help":""
        },



        {
        "name":"chestPain",
        "type":"radio",
        "valdn":"required",
        "label":"त्याला/तिला (नाव) मृत्युच्या १ महिन्याआधी छातीत दुखले होते का?",
        "flow":"data.cough=='Yes'",
        "value":"",
        "items":[
        
            {"text":"होय","value":"Yes","valdn":""},
        
            {"text":"नाही","value":"No","valdn":""},
        
            {"text":"माहीती नाही","value":"Don't know","valdn":""}
        
        ],
        "image":"",
        "lookup":{
        
        },
        "metadata":{
                
                },
        "crossFlow":[
        
        {"entity":"death","field":"age_value","ref":"deathId","condition":"age_value>=1 && age_value<5","whereCondition":""}
        
        ],
        "crossCheck":{
        
        },
        "help":""
        }



]
}