{
"schemaName":"enum.eslDetail.pregnancy",
"onSave":"",
"condition":"",
"success":"",
"fail":"",
"crossEntity":"",
"properties":[


        {
        "name":"datastore",
        "type":"hidden",
        "valdn":"",
        "label":"",
        "flow":"",
        "value":"pregnancy",
        "items":[
        
        ],
        "image":"",
        "lookup":{
        
        },
        "metadata":{
                
                },
        "crossFlow":[
        
        ],
        "crossCheck":{
        
        },
        "help":""
        },



        {
        "name":"deathId",
        "type":"hidden",
        "valdn":"",
        "label":"",
        "flow":"",
        "value":"$stateParams.deathId",
        "items":[
        
        ],
        "image":"",
        "lookup":{
        
        },
        "metadata":{
                
                },
        "crossFlow":[
        
        ],
        "crossCheck":{
        
        },
        "help":""
        },



        {
        "name":"starttime",
        "type":"hidden",
        "valdn":"",
        "label":"",
        "flow":"",
        "value":"timestamp",
        "items":[
        
        ],
        "image":"",
        "lookup":{
        
        },
        "metadata":{
                
                },
        "crossFlow":[
        
        ],
        "crossCheck":{
        
        },
        "help":""
        },



        {
        "name":"",
        "type":"heading",
        "valdn":"required",
        "label":"आता मला गरोदर पणा बद्दल काही प्रश्न विचारायचे आहेत ",
        "flow":"",
        "value":"",
        "items":[
        
        ],
        "image":"",
        "lookup":{
        
        },
        "metadata":{
                
                },
        "crossFlow":[
        
        ],
        "crossCheck":{
        
        },
        "help":""
        },



        {
        "name":"pregDuration",
        "type":"text",
        "valdn":"between[1:12],required",
        "label":"गर्भधारणेचा काळ किती होता ?",
        "flow":"",
        "value":"",
        "items":[
        
        ],
        "image":"",
        "lookup":{
        
        },
        "metadata":{
                
                },
        "crossFlow":[
        
        {"entity":"death","field":"age_value","ref":"deathId","condition":"age_value>=15 && age_value<50","whereCondition":""},
        
        {"entity":"death","field":"sex","ref":"deathId","condition":"sex=='Female'","whereCondition":""}
        
        ],
        "crossCheck":{
        
        },
        "help":""
        },



        {
        "name":"noPregnancy",
        "type":"text",
        "valdn":"between[1:20],required",
        "label":"मागे किती वेळा तिची गर्भधारणा झाली होती ?",
        "flow":"",
        "value":"",
        "items":[
        
        ],
        "image":"",
        "lookup":{
        
        },
        "metadata":{
                
                },
        "crossFlow":[
        
        {"entity":"death","field":"age_value","ref":"deathId","condition":"age_value>=15 && age_value<50","whereCondition":""},
        
        {"entity":"death","field":"sex","ref":"deathId","condition":"sex=='Female'","whereCondition":""}
        
        ],
        "crossCheck":{
        
        },
        "help":""
        },



        {
        "name":"dieDuringDeliv",
        "type":"radio",
        "valdn":"required",
        "label":"बाळाची आई प्रसव सुरू असतांना किंवा त्यानंतर मरण पावली का?",
        "flow":"",
        "value":"",
        "items":[
        
            {"text":"होय","value":"Yes","valdn":""},
        
            {"text":"नाही","value":"No","valdn":""},
        
            {"text":"माहीती नाही","value":"Don't know","valdn":""}
        
        ],
        "image":"",
        "lookup":{
        
        },
        "metadata":{
                
                },
        "crossFlow":[
        
        {"entity":"death","field":"age_value","ref":"deathId","condition":"age_value>=15 && age_value<50","whereCondition":""},
        
        {"entity":"death","field":"sex","ref":"deathId","condition":"sex=='Female'","whereCondition":""}
        
        ],
        "crossCheck":{
        
        },
        "help":""
        },



        {
        "name":"durAfterDelivery",
        "type":"text",
        "valdn":"between[1:99],required",
        "label":"प्रसुतीच्या/ गर्भपाताच्या  किती वेळाने तिचा मृत्यू झाला ?",
        "flow":"",
        "value":"",
        "items":[
        
        ],
        "image":"",
        "lookup":{
        
        },
        "metadata":{
                
                },
        "crossFlow":[
        
        {"entity":"death","field":"age_value","ref":"deathId","condition":"age_value>=15 && age_value<50","whereCondition":""},
        
        {"entity":"death","field":"sex","ref":"deathId","condition":"sex=='Female'","whereCondition":""}
        
        ],
        "crossCheck":{
        
        },
        "help":""
        },



        {
        "name":"babyUndelivered",
        "type":"radio",
        "valdn":"required",
        "label":"बाळ गर्भातून बाहेर आले नव्हते का ?",
        "flow":"data.dieAfterDeliv=='Yes' || data.dieWithin6Weeks=='Yes'",
        "value":"",
        "items":[
        
            {"text":"होय","value":"Yes","valdn":""},
        
            {"text":"नाही","value":"No","valdn":""},
        
            {"text":"माहीती नाही","value":"Don't know","valdn":""}
        
        ],
        "image":"",
        "lookup":{
        
        },
        "metadata":{
                
                },
        "crossFlow":[
        
        {"entity":"death","field":"age_value","ref":"deathId","condition":"age_value>=15 && age_value<50","whereCondition":""},
        
        {"entity":"death","field":"sex","ref":"deathId","condition":"sex=='Female'","whereCondition":""}
        
        ],
        "crossCheck":{
        
        },
        "help":""
        },



        {
        "name":"deliveryMode",
        "type":"radio",
        "valdn":"required",
        "label":"प्रसूतीकशी झाली ?",
        "flow":"",
        "value":"",
        "items":[
        
            {"text":"योनीव्दारे चिमटा किंवा व्हॅक्युअमच्या सहायाशिवाय","value":"Vaginal without forceps/vaccum","valdn":""},
        
            {"text":"योनीव्दारे चिमटयाच्या सहायाने","value":"Vaginal with forceps","valdn":""},
        
            {"text":"योनीव्दारे व्हॅक्युअमच्या सहायाने","value":"Vaginal with vaccum","valdn":""},
        
            {"text":"योनीव्दारे चिमटा किवा व्हॅक्युअम हे वापरले काय हे माहिती नाही ","value":"Vaginal don't know (whether forceps or vaccume used)","valdn":""},
        
            {"text":"सिझेरीयन सेक्शन","value":"Caesarean section","valdn":""},
        
            {"text":"माहिती नाही","value":"Don't know","valdn":""}
        
        ],
        "image":"",
        "lookup":{
        
        },
        "metadata":{
                
                },
        "crossFlow":[
        
        {"entity":"death","field":"age_value","ref":"deathId","condition":"age_value>=15 && age_value<50","whereCondition":""},
        
        {"entity":"death","field":"sex","ref":"deathId","condition":"sex=='Female'","whereCondition":""}
        
        ],
        "crossCheck":{
        
        },
        "help":""
        },



        {
        "name":"hbp",
        "type":"radio",
        "valdn":"required",
        "label":"गर्भावस्थेत तू /बाळाची आईला उच्च रक्तदाबाचा त्रास झाला होता का?",
        "flow":"",
        "value":"",
        "items":[
        
            {"text":"होय","value":"Yes","valdn":""},
        
            {"text":"नाही","value":"No","valdn":""},
        
            {"text":"माहीती नाही","value":"Don't know","valdn":""}
        
        ],
        "image":"",
        "lookup":{
        
        },
        "metadata":{
                
                },
        "crossFlow":[
        
        {"entity":"death","field":"age_value","ref":"deathId","condition":"age_value>=15 && age_value<50","whereCondition":""},
        
        {"entity":"death","field":"sex","ref":"deathId","condition":"sex=='Female'","whereCondition":""}
        
        ],
        "crossCheck":{
        
        },
        "help":""
        },



        {
        "name":"convulsions",
        "type":"radio",
        "valdn":"required",
        "label":"तिला प्रसूती दरम्यान / प्रसव वेदने दरम्यान किंवा प्रसव वेदने नंतर झटके येत होते का ? किंवा बेशुद्ध झाली होती का ? ",
        "flow":"",
        "value":"",
        "items":[
        
            {"text":"होय","value":"Yes","valdn":""},
        
            {"text":"नाही","value":"No","valdn":""},
        
            {"text":"माहीती नाही","value":"Don't know","valdn":""}
        
        ],
        "image":"",
        "lookup":{
        
        },
        "metadata":{
                
                },
        "crossFlow":[
        
        {"entity":"death","field":"age_value","ref":"deathId","condition":"age_value>=15 && age_value<50","whereCondition":""},
        
        {"entity":"death","field":"sex","ref":"deathId","condition":"sex=='Female'","whereCondition":""}
        
        ],
        "crossCheck":{
        
        },
        "help":""
        },



        {
        "name":"blurredVision",
        "type":"radio",
        "valdn":"required",
        "label":"गर्भधारणेच्या शेवटच्या ३ महिन्यात तिची दृष्टी अंधुक झाली होती का ?",
        "flow":"",
        "value":"",
        "items":[
        
            {"text":"होय","value":"Yes","valdn":""},
        
            {"text":"नाही","value":"No","valdn":""},
        
            {"text":"माहीती नाही","value":"Don't know","valdn":""}
        
        ],
        "image":"",
        "lookup":{
        
        },
        "metadata":{
                
                },
        "crossFlow":[
        
        {"entity":"death","field":"age_value","ref":"deathId","condition":"age_value>=15 && age_value<50","whereCondition":""},
        
        {"entity":"death","field":"sex","ref":"deathId","condition":"sex=='Female'","whereCondition":""}
        
        ],
        "crossCheck":{
        
        },
        "help":""
        },



        {
        "name":"vaginalDischarge",
        "type":"radio",
        "valdn":"required",
        "label":"प्रसुतीदरम्यान व प्रसुतीपश्चात  तू/बाळाच्या आईच्या योनीमार्गातून वास य्रेणारे द्रव्य जात होते का?",
        "flow":"",
        "value":"",
        "items":[
        
            {"text":"होय","value":"Yes","valdn":""},
        
            {"text":"नाही","value":"No","valdn":""},
        
            {"text":"माहीती नाही","value":"Don't know","valdn":""}
        
        ],
        "image":"",
        "lookup":{
        
        },
        "metadata":{
                
                },
        "crossFlow":[
        
        {"entity":"death","field":"age_value","ref":"deathId","condition":"age_value>=15 && age_value<50","whereCondition":""},
        
        {"entity":"death","field":"sex","ref":"deathId","condition":"sex=='Female'","whereCondition":""}
        
        ],
        "crossCheck":{
        
        },
        "help":""
        },



        {
        "name":"bleedDuringPregDeliv",
        "type":"radio",
        "valdn":"required",
        "label":"गर्भावस्थेत व प्रसूती नंतर योनीमार्गातून अति रक्तस्त्राव झाला होता का?",
        "flow":"",
        "value":"",
        "items":[
        
            {"text":"होय","value":"Yes","valdn":""},
        
            {"text":"नाही","value":"No","valdn":""},
        
            {"text":"माहीती नाही","value":"Don't know","valdn":""}
        
        ],
        "image":"",
        "lookup":{
        
        },
        "metadata":{
                
                },
        "crossFlow":[
        
        {"entity":"death","field":"age_value","ref":"deathId","condition":"age_value>=15 && age_value<50","whereCondition":""},
        
        {"entity":"death","field":"sex","ref":"deathId","condition":"sex=='Female'","whereCondition":""}
        
        ],
        "crossCheck":{
        
        },
        "help":""
        },



        {
        "name":"bleedF6MonthsPreg",
        "type":"radio",
        "valdn":"required",
        "label":"गर्भावस्थेच्या पहिल्या सहा महिन्यात  योनीमार्गातून  रक्तस्त्राव झाला होता का?",
        "flow":"",
        "value":"",
        "items":[
        
            {"text":"होय","value":"Yes","valdn":""},
        
            {"text":"नाही","value":"No","valdn":""},
        
            {"text":"माहीती नाही","value":"Don't know","valdn":""}
        
        ],
        "image":"",
        "lookup":{
        
        },
        "metadata":{
                
                },
        "crossFlow":[
        
        {"entity":"death","field":"age_value","ref":"deathId","condition":"age_value>=15 && age_value<50","whereCondition":""},
        
        {"entity":"death","field":"sex","ref":"deathId","condition":"sex=='Female'","whereCondition":""}
        
        ],
        "crossCheck":{
        
        },
        "help":""
        },



        {
        "name":"bleedL3MonthsPreg",
        "type":"radio",
        "valdn":"required",
        "label":"गर्भावस्थेच्या शेवटच्या तीन  महिन्यात परंत प्रसववेदना चालू होण्या अगोदर   योनीमार्गातून  रक्तस्त्राव झाला होता का?",
        "flow":"",
        "value":"",
        "items":[
        
            {"text":"होय","value":"Yes","valdn":""},
        
            {"text":"नाही","value":"No","valdn":""},
        
            {"text":"माहीती नाही","value":"Don't know","valdn":""}
        
        ],
        "image":"",
        "lookup":{
        
        },
        "metadata":{
                
                },
        "crossFlow":[
        
        {"entity":"death","field":"age_value","ref":"deathId","condition":"age_value>=15 && age_value<50","whereCondition":""},
        
        {"entity":"death","field":"sex","ref":"deathId","condition":"sex=='Female'","whereCondition":""}
        
        ],
        "crossCheck":{
        
        },
        "help":""
        },



        {
        "name":"bleedDuringLabDeliv",
        "type":"radio",
        "valdn":"required",
        "label":"प्रसववेदना चालू असताना वा प्रसुतीदरम्यान योनीमार्गातून अति  रक्तस्त्राव झाला होता का?",
        "flow":"",
        "value":"",
        "items":[
        
            {"text":"होय","value":"Yes","valdn":""},
        
            {"text":"नाही","value":"No","valdn":""},
        
            {"text":"माहीती नाही","value":"Don't know","valdn":""}
        
        ],
        "image":"",
        "lookup":{
        
        },
        "metadata":{
                
                },
        "crossFlow":[
        
        {"entity":"death","field":"age_value","ref":"deathId","condition":"age_value>=15 && age_value<50","whereCondition":""},
        
        {"entity":"death","field":"sex","ref":"deathId","condition":"sex=='Female'","whereCondition":""}
        
        ],
        "crossCheck":{
        
        },
        "help":""
        },



        {
        "name":"bleedAfterDelivAbort",
        "type":"radio",
        "valdn":"required",
        "label":"प्रसुतीनंतर वा गर्भपातानंतर  योनीमार्गातून अति  रक्तस्त्राव झाला होता का?",
        "flow":"",
        "value":"",
        "items":[
        
            {"text":"होय","value":"Yes","valdn":""},
        
            {"text":"नाही","value":"No","valdn":""},
        
            {"text":"माहीती नाही","value":"Don't know","valdn":""}
        
        ],
        "image":"",
        "lookup":{
        
        },
        "metadata":{
                
                },
        "crossFlow":[
        
        {"entity":"death","field":"age_value","ref":"deathId","condition":"age_value>=15 && age_value<50","whereCondition":""},
        
        {"entity":"death","field":"sex","ref":"deathId","condition":"sex=='Female'","whereCondition":""}
        
        ],
        "crossCheck":{
        
        },
        "help":""
        },



        {
        "name":"placentaDelivered",
        "type":"radio",
        "valdn":"required",
        "label":"जार(Placenta ) पूर्ण बाहेर आला होता का?",
        "flow":"",
        "value":"",
        "items":[
        
            {"text":"होय","value":"Yes","valdn":""},
        
            {"text":"नाही","value":"No","valdn":""},
        
            {"text":"माहीती नाही","value":"Don't know","valdn":""}
        
        ],
        "image":"",
        "lookup":{
        
        },
        "metadata":{
                
                },
        "crossFlow":[
        
        {"entity":"death","field":"age_value","ref":"deathId","condition":"age_value>=15 && age_value<50","whereCondition":""},
        
        {"entity":"death","field":"sex","ref":"deathId","condition":"sex=='Female'","whereCondition":""}
        
        ],
        "crossCheck":{
        
        },
        "help":""
        },



        {
        "name":"durationLabour",
        "type":"text",
        "valdn":"between[0:72],required",
        "label":"तू/बाळाच्या आई किती तास प्रसाववेद्नेमध्ये  होती?",
        "flow":"",
        "value":"",
        "items":[
        
        ],
        "image":"",
        "lookup":{
        
        },
        "metadata":{
                
                },
        "crossFlow":[
        
        {"entity":"death","field":"age_value","ref":"deathId","condition":"age_value>=15 && age_value<50","whereCondition":""},
        
        {"entity":"death","field":"sex","ref":"deathId","condition":"sex=='Female'","whereCondition":""}
        
        ],
        "crossCheck":{
        
        },
        "help":""
        },



        {
        "name":"terminatePreg",
        "type":"radio",
        "valdn":"required",
        "label":"तू/बाळाच्या आईने गर्भपात  काढण्याचा प्रयत्न  केला होता का?",
        "flow":"",
        "value":"",
        "items":[
        
            {"text":"होय","value":"Yes","valdn":""},
        
            {"text":"नाही","value":"No","valdn":""},
        
            {"text":"माहीती नाही","value":"Don't know","valdn":""}
        
        ],
        "image":"",
        "lookup":{
        
        },
        "metadata":{
                
                },
        "crossFlow":[
        
        {"entity":"death","field":"age_value","ref":"deathId","condition":"age_value>=15 && age_value<50","whereCondition":""},
        
        {"entity":"death","field":"sex","ref":"deathId","condition":"sex=='Female'","whereCondition":""}
        
        ],
        "crossCheck":{
        
        },
        "help":""
        },



        {
        "name":"dieAbortion",
        "type":"radio",
        "valdn":"required",
        "label":"गर्भपाता दरम्यान आईचा मृत्यू झाला का?",
        "flow":"",
        "value":"",
        "items":[
        
            {"text":"होय","value":"Yes","valdn":""},
        
            {"text":"नाही","value":"No","valdn":""},
        
            {"text":"माहीती नाही","value":"Don't know","valdn":""}
        
        ],
        "image":"",
        "lookup":{
        
        },
        "metadata":{
                
                },
        "crossFlow":[
        
        {"entity":"death","field":"age_value","ref":"deathId","condition":"age_value>=15 && age_value<50","whereCondition":""},
        
        {"entity":"death","field":"sex","ref":"deathId","condition":"sex=='Female'","whereCondition":""}
        
        ],
        "crossCheck":{
        
        },
        "help":""
        },



        {
        "name":"childBornLocation",
        "type":"radio",
        "valdn":"required",
        "label":"गर्भपात/प्रसूती कुठे झाली?",
        "flow":"",
        "value":"",
        "items":[
        
            {"text":"घर","value":"Home","valdn":""},
        
            {"text":"आरोग्य सुविधेच्या मार्गात","value":"On way to Health facility","valdn":""},
        
            {"text":"प्राथमिक आरोग्य केंद्र ध् ग्रामीण रुग्णालय ","value":"PHC/CHC/Rural Hospital","valdn":""},
        
            {"text":"सार्वजनिक हॉस्पिटल","value":"Public Hospital","valdn":""},
        
            {"text":"निजी हॉस्पिटल","value":"Private Hospital","valdn":""},
        
            {"text":"इतर","value":"Other place","valdn":""},
        
            {"text":"माहिती नाही","value":"Don’t Know","valdn":""}
        
        ],
        "image":"",
        "lookup":{
        
        },
        "metadata":{
                
                },
        "crossFlow":[
        
        {"entity":"death","field":"age_value","ref":"deathId","condition":"age_value>=15 && age_value<50","whereCondition":""},
        
        {"entity":"death","field":"sex","ref":"deathId","condition":"sex=='Female'","whereCondition":""}
        
        ],
        "crossCheck":{
        
        },
        "help":""
        },



        {
        "name":"otherDeliveryLocation",
        "type":"text",
        "valdn":"required",
        "label":"जन्म झालेल्या जागेबद्दल स्पष्ट लिहा ",
        "flow":"data.childBornLocation=='Other place'",
        "value":"",
        "items":[
        
        ],
        "image":"",
        "lookup":{
        
        },
        "metadata":{
                
                },
        "crossFlow":[
        
        {"entity":"death","field":"age_value","ref":"deathId","condition":"age_value>=15 && age_value<50","whereCondition":""},
        
        {"entity":"death","field":"sex","ref":"deathId","condition":"sex=='Female'","whereCondition":""}
        
        ],
        "crossCheck":{
        
        },
        "help":""
        },



        {
        "name":"deliveryAttended",
        "type":"radio",
        "valdn":"required",
        "label":"गर्भपात/प्रसूती कोणी केली?",
        "flow":"",
        "value":"",
        "items":[
        
            {"text":"अॅलोपॅथिक डाॅक्टर","value":"Allopathic Doctor","valdn":""},
        
            {"text":"आयुर्वेदिक/होमिवोपॅकधीक/युनानी डाॅक्टर","value":"Ayurvedic/Homeopathic/Unani Doctor","valdn":""},
        
            {"text":"अधिपरिचारीका / परिचारीका","value":"Midwife/Nurse","valdn":""},
        
            {"text":"प्रशिक्षीत दायी","value":"Trainined traditional birth attendant","valdn":""},
        
            {"text":"अप्रशिक्षीत दायी","value":"Untrainined traditional birth attendant","valdn":""},
        
            {"text":"इतर","value":"Other","valdn":""},
        
            {"text":"पैकी नाही","value":"None","valdn":""},
        
            {"text":"माहिती नाही","value":"Don't know","valdn":""}
        
        ],
        "image":"",
        "lookup":{
        
        },
        "metadata":{
                
                },
        "crossFlow":[
        
        {"entity":"death","field":"age_value","ref":"deathId","condition":"age_value>=15 && age_value<50","whereCondition":""},
        
        {"entity":"death","field":"sex","ref":"deathId","condition":"sex=='Female'","whereCondition":""}
        
        ],
        "crossCheck":{
        
        },
        "help":""
        },



        {
        "name":"removeUterus",
        "type":"radio",
        "valdn":"required",
        "label":"मृत्युपूर्वी काही वेळ अगोदर  आईची गर्भाशयाची पिशवी काढण्याची शस्त्रक्रिया झाली होती का?",
        "flow":"",
        "value":"",
        "items":[
        
            {"text":"होय","value":"Yes","valdn":""},
        
            {"text":"नाही","value":"No","valdn":""},
        
            {"text":"माहीती नाही","value":"Don't know","valdn":""}
        
        ],
        "image":"",
        "lookup":{
        
        },
        "metadata":{
                
                },
        "crossFlow":[
        
        {"entity":"death","field":"age_value","ref":"deathId","condition":"age_value>=15 && age_value<50","whereCondition":""},
        
        {"entity":"death","field":"sex","ref":"deathId","condition":"sex=='Female'","whereCondition":""}
        
        ],
        "crossCheck":{
        
        },
        "help":""
        },



        {
        "name":"tetanusToxoidVacc",
        "type":"radio",
        "valdn":"required",
        "label":"तुला /बाळाच्या आईला  गर्भावस्थेत धनुर्वाताची  लस दिली होती का?",
        "flow":"",
        "value":"",
        "items":[
        
            {"text":"होय","value":"Yes","valdn":""},
        
            {"text":"नाही","value":"No","valdn":""},
        
            {"text":"माहीती नाही","value":"Don't know","valdn":""}
        
        ],
        "image":"",
        "lookup":{
        
        },
        "metadata":{
                
                },
        "crossFlow":[
        
        {"entity":"death","field":"age_value","ref":"deathId","condition":"age_value>=15 && age_value<50","whereCondition":""},
        
        {"entity":"death","field":"sex","ref":"deathId","condition":"sex=='Female'","whereCondition":""}
        
        ],
        "crossCheck":{
        
        },
        "help":""
        },



        {
        "name":"tetanusDoses",
        "type":"radio",
        "valdn":"required",
        "label":"तुला /बाळाच्या आईला  गर्भावस्थेत धनुर्वाताच्या किती   लस दिल्या  होत्या ?",
        "flow":"data.tetanusToxoidVac=='Yes'",
        "value":"",
        "items":[
        
            {"text":"कोणतीच नाही ","value":"None","valdn":""},
        
            {"text":"1","value":"1","valdn":""},
        
            {"text":"2","value":"2","valdn":""},
        
            {"text":"माहिती नाही","value":"Don't know","valdn":""}
        
        ],
        "image":"",
        "lookup":{
        
        },
        "metadata":{
                
                },
        "crossFlow":[
        
        {"entity":"death","field":"age_value","ref":"deathId","condition":"age_value>=15 && age_value<50","whereCondition":""},
        
        {"entity":"death","field":"sex","ref":"deathId","condition":"sex=='Female'","whereCondition":""}
        
        ],
        "crossCheck":{
        
        },
        "help":""
        }



]
}