{
"schemaName":"enum.deathDetail.basicInf",
"onSave":"enum.householdDetail.death",
"condition":"",
"success":"",
"fail":"",
"crossEntity":"",
"properties":[


        {
        "name":"datastore",
        "type":"hidden",
        "valdn":"",
        "label":"",
        "flow":"",
        "value":"death",
        "items":[
        
        ],
        "image":"",
        "lookup":{
        
        },
        "metadata":{
                
                },
        "crossFlow":[
        
        ],
        "crossCheck":{
        
        },
        "help":""
        },



        {
        "name":"deathId",
        "type":"hidden",
        "valdn":"",
        "label":"",
        "flow":"",
        "value":"$stateParams.deathId",
        "items":[
        
        ],
        "image":"",
        "lookup":{
        
        },
        "metadata":{
                
                },
        "crossFlow":[
        
        ],
        "crossCheck":{
        
        },
        "help":""
        },



        {
        "name":"householdId",
        "type":"hidden",
        "valdn":"",
        "label":"",
        "flow":"",
        "value":"$stateParams.householdId",
        "items":[
        
        ],
        "image":"",
        "lookup":{
        
        },
        "metadata":{
                
                },
        "crossFlow":[
        
        ],
        "crossCheck":{
        
        },
        "help":""
        },



        {
        "name":"houseId",
        "type":"hidden",
        "valdn":"",
        "label":"",
        "flow":"",
        "value":"$stateParams.houseId",
        "items":[
        
        ],
        "image":"",
        "lookup":{
        
        },
        "metadata":{
                
                },
        "crossFlow":[
        
        ],
        "crossCheck":{
        
        },
        "help":""
        },



        {
        "name":"areaId",
        "type":"hidden",
        "valdn":"",
        "label":"",
        "flow":"",
        "value":"$stateParams.areaId",
        "items":[
        
        ],
        "image":"",
        "lookup":{
        
        },
        "metadata":{
                
                },
        "crossFlow":[
        
        ],
        "crossCheck":{
        
        },
        "help":""
        },



        {
        "name":"surveyor",
        "type":"hidden",
        "valdn":"",
        "label":"",
        "flow":"",
        "value":"user.id",
        "items":[
        
        ],
        "image":"",
        "lookup":{
        
        },
        "metadata":{
                
                },
        "crossFlow":[
        
        ],
        "crossCheck":{
        
        },
        "help":""
        },



        {
        "name":"name",
        "type":"text",
        "valdn":"alpha,minlength[3],required",
        "label":"मृत व्यक्तीचे संपूर्ण नाव काय आहे?",
        "flow":"",
        "value":"",
        "items":[
        
        ],
        "image":"",
        "lookup":{
        
        },
        "metadata":{
                
                },
        "crossFlow":[
        
        ],
        "crossCheck":{
        
        },
        "help":""
        },



        {
        "name":"sex",
        "type":"radio",
        "valdn":"required",
        "label":"मृत व्यक्तीचे लिंग काय आहे?",
        "flow":"",
        "value":"",
        "items":[
        
            {"text":"स्त्री","value":"Female","valdn":""},
        
            {"text":"पुरुष","value":"Male","valdn":""},
        
            {"text":"इतर","value":"Other","valdn":""}
        
        ],
        "image":"",
        "lookup":{
        
        },
        "metadata":{
                
                },
        "crossFlow":[
        
        ],
        "crossCheck":{
        
        },
        "help":""
        },



        {
        "name":"monthod",
        "type":"dropdown",
        "valdn":"required",
        "label":"कोणत्या महिना व साली मृत व्यक्तीचा (नाव) मृत्यू झाला?",
        "flow":"",
        "value":"",
        "items":[
        
            {"text":"माहिती नाही","value":"Don't know","valdn":""},
        
            {"text":"जानेवारी","value":"Jan","valdn":""},
        
            {"text":"फेब्रुवारी","value":"Feb","valdn":""},
        
            {"text":"मार्च","value":"Mar","valdn":""},
        
            {"text":"एप्रिल","value":"Apr","valdn":""},
        
            {"text":"मे","value":"May","valdn":""},
        
            {"text":"जून","value":"Jun","valdn":""},
        
            {"text":"जुलै","value":"Jul","valdn":""},
        
            {"text":"ऑगस्ट","value":"Aug","valdn":""},
        
            {"text":"सप्टेंबर","value":"Sep","valdn":""},
        
            {"text":"ऑक्टोबर","value":"Oct","valdn":""},
        
            {"text":"नोव्हेंबर","value":"Nov","valdn":""},
        
            {"text":"डिसेंबर","value":"Dec","valdn":""}
        
        ],
        "image":"",
        "lookup":{
        
        },
        "metadata":{
                
                },
        "crossFlow":[
        
        ],
        "crossCheck":{
        
        },
        "help":""
        },



        {
        "name":"yod",
        "type":"dropdown",
        "valdn":"required",
        "label":"",
        "flow":"",
        "value":"",
        "items":[
        
            {"text":"माहिती नाही","value":"Don't know","valdn":""},
        
            {"text":"2010","value":"2010","valdn":""},
        
            {"text":"2011","value":"2011","valdn":""},
        
            {"text":"2012","value":"2012","valdn":""},
        
            {"text":"2013","value":"2013","valdn":""},
        
            {"text":"2014","value":"2014","valdn":""},
        
            {"text":"2015","value":"2015","valdn":""}
        
        ],
        "image":"",
        "lookup":{
        
        },
        "metadata":{
                
                },
        "crossFlow":[
        
        ],
        "crossCheck":{
        
        },
        "help":""
        },



        {
        "name":"mob",
        "type":"dropdown",
        "valdn":"required",
        "label":"कोणत्या महिना व साली मृत व्यक्तीचा (नाव) जन्म झाला?",
        "flow":"",
        "value":"",
        "items":[
        
            {"text":"माहिती नाही","value":"Don't know","valdn":""},
        
            {"text":"जानेवारी","value":"Jan","valdn":""},
        
            {"text":"फेब्रुवारी","value":"Feb","valdn":""},
        
            {"text":"मार्च","value":"Mar","valdn":""},
        
            {"text":"एप्रिल","value":"Apr","valdn":""},
        
            {"text":"मे","value":"May","valdn":""},
        
            {"text":"जून","value":"Jun","valdn":""},
        
            {"text":"जुलै","value":"Jul","valdn":""},
        
            {"text":"ऑगस्ट","value":"Aug","valdn":""},
        
            {"text":"सप्टेंबर","value":"Sep","valdn":""},
        
            {"text":"ऑक्टोबर","value":"Oct","valdn":""},
        
            {"text":"नोव्हेंबर","value":"Nov","valdn":""},
        
            {"text":"डिसेंबर","value":"Dec","valdn":""}
        
        ],
        "image":"",
        "lookup":{
        
        },
        "metadata":{
                
                },
        "crossFlow":[
        
        ],
        "crossCheck":{
        
        },
        "help":""
        },



        {
        "name":"yob",
        "type":"dropdown",
        "valdn":"required",
        "label":"",
        "flow":"",
        "value":"",
        "items":[
        
            {"text":"माहिती नाही","value":"Don't know","valdn":""},
        
            {"text":"1944","value":"1944","valdn":""},
        
            {"text":"1945","value":"1945","valdn":""},
        
            {"text":"1946","value":"1946","valdn":""},
        
            {"text":"1947","value":"1947","valdn":""},
        
            {"text":"1948","value":"1948","valdn":""},
        
            {"text":"1949","value":"1949","valdn":""},
        
            {"text":"1950","value":"1950","valdn":""},
        
            {"text":"1951","value":"1951","valdn":""},
        
            {"text":"1952","value":"1952","valdn":""},
        
            {"text":"1953","value":"1953","valdn":""},
        
            {"text":"1954","value":"1954","valdn":""},
        
            {"text":"1955","value":"1955","valdn":""},
        
            {"text":"1956","value":"1956","valdn":""},
        
            {"text":"1957","value":"1957","valdn":""},
        
            {"text":"1958","value":"1958","valdn":""},
        
            {"text":"1959","value":"1959","valdn":""},
        
            {"text":"1960","value":"1960","valdn":""},
        
            {"text":"1961","value":"1961","valdn":""},
        
            {"text":"1962","value":"1962","valdn":""},
        
            {"text":"1963","value":"1963","valdn":""},
        
            {"text":"1964","value":"1964","valdn":""},
        
            {"text":"1965","value":"1965","valdn":""},
        
            {"text":"1966","value":"1966","valdn":""},
        
            {"text":"1967","value":"1967","valdn":""},
        
            {"text":"1968","value":"1968","valdn":""},
        
            {"text":"1969","value":"1969","valdn":""},
        
            {"text":"1970","value":"1970","valdn":""},
        
            {"text":"1971","value":"1971","valdn":""},
        
            {"text":"1972","value":"1972","valdn":""},
        
            {"text":"1973","value":"1973","valdn":""},
        
            {"text":"1974","value":"1974","valdn":""},
        
            {"text":"1975","value":"1975","valdn":""},
        
            {"text":"1976","value":"1976","valdn":""},
        
            {"text":"1977","value":"1977","valdn":""},
        
            {"text":"1978","value":"1978","valdn":""},
        
            {"text":"1979","value":"1979","valdn":""},
        
            {"text":"1980","value":"1980","valdn":""},
        
            {"text":"1981","value":"1981","valdn":""},
        
            {"text":"1982","value":"1982","valdn":""},
        
            {"text":"1983","value":"1983","valdn":""},
        
            {"text":"1984","value":"1984","valdn":""},
        
            {"text":"1985","value":"1985","valdn":""},
        
            {"text":"1986","value":"1986","valdn":""},
        
            {"text":"1987","value":"1987","valdn":""},
        
            {"text":"1988","value":"1988","valdn":""},
        
            {"text":"1989","value":"1989","valdn":""},
        
            {"text":"1990","value":"1990","valdn":""},
        
            {"text":"1991","value":"1991","valdn":""},
        
            {"text":"1992","value":"1992","valdn":""},
        
            {"text":"1993","value":"1993","valdn":""},
        
            {"text":"1994","value":"1994","valdn":""},
        
            {"text":"1995","value":"1995","valdn":""},
        
            {"text":"1996","value":"1996","valdn":""},
        
            {"text":"1997","value":"1997","valdn":""},
        
            {"text":"1998","value":"1998","valdn":""},
        
            {"text":"1999","value":"1999","valdn":""},
        
            {"text":"2000","value":"2000","valdn":""},
        
            {"text":"2001","value":"2001","valdn":""},
        
            {"text":"2002","value":"2002","valdn":""},
        
            {"text":"2003","value":"2003","valdn":""},
        
            {"text":"2004","value":"2004","valdn":""},
        
            {"text":"2005","value":"2005","valdn":""},
        
            {"text":"2006","value":"2006","valdn":""},
        
            {"text":"2007","value":"2007","valdn":""},
        
            {"text":"2008","value":"2008","valdn":""},
        
            {"text":"2009","value":"2009","valdn":""},
        
            {"text":"2010","value":"2010","valdn":""},
        
            {"text":"2011","value":"2011","valdn":""},
        
            {"text":"2012","value":"2012","valdn":""},
        
            {"text":"2013","value":"2013","valdn":""},
        
            {"text":"2014","value":"2014","valdn":""},
        
            {"text":"2015","value":"2015","valdn":""}
        
        ],
        "image":"",
        "lookup":{
        
        },
        "metadata":{
                
                },
        "crossFlow":[
        
        ],
        "crossCheck":{
        
        },
        "help":""
        },



        {
        "name":"age",
        "type":"select_text",
        "valdn":"required",
        "label":"मृत्युच्या वेळी मृत व्यक्तीचे (नाव ) वय किती होते?",
        "flow":"",
        "value":"",
        "items":[
        
            {"text":"दिवस","value":"Days","valdn":"between[1:31],required"},
        
            {"text":"महिने","value":"Months","valdn":"between[1:12],required"},
        
            {"text":"वर्षे","value":"Years","valdn":"between[1:120],required"}
        
        ],
        "image":"",
        "lookup":{
        
        },
        "metadata":{
                
                },
        "crossFlow":[
        
        ],
        "crossCheck":{
        
        },
        "help":""
        },



        {
        "name":"religion",
        "type":"radio",
        "valdn":"required",
        "label":"मृत व्यक्तीचा धर्म कोणता आहे ?",
        "flow":"",
        "value":"",
        "items":[
        
            {"text":"हिंदू","value":"Hindu","valdn":""},
        
            {"text":"मुस्लीम","value":"Muslim","valdn":""},
        
            {"text":"बौद्व","value":"Buddhist","valdn":""},
        
            {"text":"इतर धर्म","value":"Other religion","valdn":""},
        
            {"text":"माहीती नाही","value":"Don’t know","valdn":""}
        
        ],
        "image":"",
        "lookup":{
        
        },
        "metadata":{
                
                },
        "crossFlow":[
        
        ],
        "crossCheck":{
        
        },
        "help":""
        },



        {
        "name":"religionSpecify",
        "type":"text",
        "valdn":"",
        "label":"धर्माचा प्रकार निर्देशित करा ",
        "flow":"data.religion=='Other religion'",
        "value":"",
        "items":[
        
        ],
        "image":"",
        "lookup":{
        
        },
        "metadata":{
                
                },
        "crossFlow":[
        
        ],
        "crossCheck":{
        
        },
        "help":""
        },



        {
        "name":"caste",
        "type":"radio",
        "valdn":"required",
        "label":"मृत व्यक्तीची (नाव) अनुसूचित जाती अनुसूचित जमाती/इतर मागास वर्गीय/ किंवा दोहोइतर कोणत्या जातीची होती?",
        "flow":"",
        "value":"",
        "items":[
        
            {"text":"अनुसूचित जाती","value":"Schedule Caste","valdn":""},
        
            {"text":"अनुसूचित जमाती","value":"Schedule Tribe","valdn":""},
        
            {"text":"इतर मागास वर्ग","value":"Other Backward classes","valdn":""},
        
            {"text":"वरिल पैकी नाही","value":"None of Above","valdn":""},
        
            {"text":"माहीती नाही","value":"Don’t Know","valdn":""}
        
        ],
        "image":"",
        "lookup":{
        
        },
        "metadata":{
                
                },
        "crossFlow":[
        
        ],
        "crossCheck":{
        
        },
        "help":""
        },



        {
        "name":"deathSite",
        "type":"radio",
        "valdn":"required",
        "label":"मृत्यु  कुठे झाला ?",
        "flow":"",
        "value":"",
        "items":[
        
            {"text":"सरकारी/महानगर पालिका दवाखाना /वैद्यकीय महाविद्यालय रुग्णालय ","value":"Govt./Municipal Hospital/Medical College Hospital","valdn":""},
        
            {"text":"घोव्त.वैद्य/हकीम /होमेओपथ (Ayush)","value":"Govt.Vaidya/Hakim/Homeopath (Ayush)","valdn":""},
        
            {"text":"सरकारी दवाखाना ","value":"Govt. Dispensary/Clinic","valdn":""},
        
            {"text":"UHC/UHP/UFWC","value":"UHC/UHP/UFWC","valdn":""},
        
            {"text":"ग्रामीण रुग्णालय / प्राथमिक आरोग्यं केंद्रं ","value":"CHC/Rural Hosp./Block PHC","valdn":""},
        
            {"text":"PHC/Additional PHC","value":"PHC/Additional PHC","valdn":""},
        
            {"text":" सब सेंटर ","value":"Sub-Centre","valdn":""},
        
            {"text":"सरकारी फिरता दवाखाना ","value":"Govt. Mobile Clinic","valdn":""},
        
            {"text":"NGO किंवा विश्वस्थ रुग्णालय ","value":"NGO Or Trust Hospital/Clinic","valdn":""},
        
            {"text":"खाजगी दवाखाना /क्लिनिक /वैद्यकीय महाविद्यालय रुग्णालय  ","value":"Private Hospital/Clinic/Medical College Hospital","valdn":""},
        
            {"text":"खाजगी  वैद्य /हकीम /होमेओपथ  (Ayush)","value":"Private Vaidya/Hakim/Homeopath (Ayush)","valdn":""},
        
            {"text":"Dispensary/Clinic","value":"Dispensary/Clinic","valdn":""},
        
            {"text":"आरोग्य सुविधा घेण्यासाठी जात असताना ","value":"On Way To Health Facility","valdn":""},
        
            {"text":"घरी ","value":"At Home","valdn":""},
        
            {"text":"इतर ","value":"Elsewhere","valdn":""},
        
            {"text":"इतर सार्वजनिक आरोग्य सुविधा ","value":"Other Public Health sector","valdn":""},
        
            {"text":"इतर खासगी  आरोग्य सुविधा ","value":"Other Private Health sector","valdn":""},
        
            {"text":"इतर","value":"Others","valdn":""}
        
        ],
        "image":"",
        "lookup":{
        
        },
        "metadata":{
                
                },
        "crossFlow":[
        
        ],
        "crossCheck":{
        
        },
        "help":""
        },



        {
        "name":"otherPublicSector",
        "type":"text",
        "valdn":"required",
        "label":"इतर सार्वजनिक आरोग्य सुविधा ",
        "flow":"data.deathSite=='Other Public Health Sector'",
        "value":"",
        "items":[
        
        ],
        "image":"",
        "lookup":{
        
        },
        "metadata":{
                
                },
        "crossFlow":[
        
        ],
        "crossCheck":{
        
        },
        "help":""
        },



        {
        "name":"otherPrivateSector",
        "type":"text",
        "valdn":"required",
        "label":"इतर खासगी  आरोग्य सुविधा ",
        "flow":"data.deathSite=='Other Private Healthsector'",
        "value":"",
        "items":[
        
        ],
        "image":"",
        "lookup":{
        
        },
        "metadata":{
                
                },
        "crossFlow":[
        
        ],
        "crossCheck":{
        
        },
        "help":""
        },



        {
        "name":"elseWhere",
        "type":"text",
        "valdn":"required",
        "label":"इतर ",
        "flow":"data.deathSite=='Elsewhere'",
        "value":"",
        "items":[
        
        ],
        "image":"",
        "lookup":{
        
        },
        "metadata":{
                
                },
        "crossFlow":[
        
        ],
        "crossCheck":{
        
        },
        "help":""
        },



        {
        "name":"others",
        "type":"text",
        "valdn":"required",
        "label":"इतर ",
        "flow":"data.deathSite=='Others'",
        "value":"",
        "items":[
        
        ],
        "image":"",
        "lookup":{
        
        },
        "metadata":{
                
                },
        "crossFlow":[
        
        ],
        "crossCheck":{
        
        },
        "help":""
        },



        {
        "name":"deathSiteSpecify",
        "type":"text",
        "valdn":"required",
        "label":"मृत्युची जागा निर्देशित करा . ",
        "flow":"data.deathSite=='Other'",
        "value":"",
        "items":[
        
        ],
        "image":"",
        "lookup":{
        
        },
        "metadata":{
                
                },
        "crossFlow":[
        
        ],
        "crossCheck":{
        
        },
        "help":""
        },



        {
        "name":"maritalStatus",
        "type":"radio",
        "valdn":"required",
        "label":"मृत व्यक्तीची वैवाहिक स्थिती काय होती ?",
        "flow":"data.age_value>=12 && data.age_unit=='Years'",
        "value":"",
        "items":[
        
            {"text":"लग्न झालेला","value":"Currently Married ","valdn":""},
        
            {"text":"लग्न झाले परंतु अल्पवयीन असल्याने सासरी नांदायल न आलेली","value":"Married, but Guana not performed","valdn":""},
        
            {"text":"विधवा","value":"Widowed","valdn":""},
        
            {"text":"घटस्फोटित","value":"Divorced","valdn":""},
        
            {"text":"अलग झालेला","value":"Separated","valdn":""},
        
            {"text":"विभक्त","value":"Deserted","valdn":""},
        
            {"text":"कधीच लग्न झाले नाही","value":"Never Married","valdn":""},
        
            {"text":"माहीत नाही","value":"Don't know","valdn":""}
        
        ],
        "image":"",
        "lookup":{
        
        },
        "metadata":{
                
                },
        "crossFlow":[
        
        ],
        "crossCheck":{
        
        },
        "help":""
        },



        {
        "name":"schoolAttended",
        "type":"radio",
        "valdn":"required",
        "label":"ते शाळा शिकले का?",
        "flow":"data.age_value>=5 && data.age_unit=='Years'",
        "value":"",
        "items":[
        
            {"text":"होय","value":"Yes","valdn":""},
        
            {"text":"नाही","value":"No","valdn":""}
        
        ],
        "image":"",
        "lookup":{
        
        },
        "metadata":{
                
                },
        "crossFlow":[
        
        ],
        "crossCheck":{
        
        },
        "help":""
        },



        {
        "name":"schoolingLevel",
        "type":"radio",
        "valdn":"required",
        "label":"मृत व्यक्तीचे सर्वोच्च पातळीचे शिक्षण किती झाले होते?",
        "flow":"data.age_value>=5 && data.age_unit=='Years'",
        "value":"",
        "items":[
        
            {"text":"1 वर्षा खालील","value":"Less than 1 year","valdn":""},
        
            {"text":"पूर्ण कलेल्या  शैक्षणिक वर्गाची नोंद करा ","value":"Highest standard completed","valdn":""}
        
        ],
        "image":"",
        "lookup":{
        
        },
        "metadata":{
                
                },
        "crossFlow":[
        
        ],
        "crossCheck":{
        
        },
        "help":""
        },



        {
        "name":"standard",
        "type":"text",
        "valdn":"between[1:50],required",
        "label":"पूर्ण कलेल्या शैक्षणिक वर्गाची नोंद करा . ",
        "flow":"data.schoolingLevel=='Highest standard completed'",
        "value":"",
        "items":[
        
        ],
        "image":"",
        "lookup":{
        
        },
        "metadata":{
                
                },
        "crossFlow":[
        
        ],
        "crossCheck":{
        
        },
        "help":""
        },



        {
        "name":"readWrite",
        "type":"radio",
        "valdn":"required",
        "label":"त्यांना लिहिता वाचता येत होते का?",
        "flow":"data.age_value>=5 && data.age_unit=='Years' && data.standard<=10",
        "value":"",
        "items":[
        
            {"text":"होय","value":"Yes","valdn":""},
        
            {"text":"नाही","value":"No","valdn":""},
        
            {"text":"माहीती नाही","value":"Don't know","valdn":""}
        
        ],
        "image":"",
        "lookup":{
        
        },
        "metadata":{
                
                },
        "crossFlow":[
        
        ],
        "crossCheck":{
        
        },
        "help":""
        },



        {
        "name":"occupation",
        "type":"text",
        "valdn":"required",
        "label":"त्यांचा व्यवसाय काय होता व त्यांच मुख्य कार्य काय होते ?",
        "flow":"data.age_value>=5 && data.age_unit=='Years'",
        "value":"",
        "items":[
        
        ],
        "image":"",
        "lookup":{
        
        },
        "metadata":{
                
                },
        "crossFlow":[
        
        ],
        "crossCheck":{
        
        },
        "help":""
        },



        {
        "name":"relationDeceaseF",
        "type":"radio",
        "valdn":"required",
        "label":"आपले (प्रतिवादी) आणि मृत व्यक्तीचे नात काय होते?",
        "flow":"data.sex=='Female'",
        "value":"",
        "items":[
        
            {"text":"डोके मुखिया ","value":"Head","valdn":""},
        
            {"text":"पत्नी","value":"Wife","valdn":""},
        
            {"text":"मुलगी","value":"Daughter","valdn":""},
        
            {"text":"सुन","value":"Daughter-in-law","valdn":""},
        
            {"text":"नातू /नात","value":"Grandchild","valdn":""},
        
            {"text":"आई","value":"Mother","valdn":""},
        
            {"text":"सासू","value":"Mother-in-law","valdn":""},
        
            {"text":"बहीण","value":"Sister","valdn":""},
        
            {"text":"भावजय / वहिनी","value":"Sister-in-law","valdn":""},
        
            {"text":"पुतणी / भाची","value":"Niece","valdn":""},
        
            {"text":"इतर नातेवाईक","value":"Other relative ","valdn":""},
        
            {"text":"दत्तक घेतलेले/संगोपन केलेले मुल/सावत्र मुल","value":"Adopted/Foster/Step-child","valdn":""},
        
            {"text":"घरगुती नौकर","value":"Domestic servant","valdn":""},
        
            {"text":"भिन्न परंतु सबंध नसलेले नातेवाईक","value":"Other not related","valdn":""},
        
            {"text":"माहीती नाही","value":"Don't know","valdn":""}
        
        ],
        "image":"",
        "lookup":{
        
        },
        "metadata":{
                
                },
        "crossFlow":[
        
        ],
        "crossCheck":{
        
        },
        "help":""
        },



        {
        "name":"relationDeceaseM",
        "type":"radio",
        "valdn":"required",
        "label":"आपले (प्रतिवादी) आणि मृत व्यक्तीचे नात काय होते?",
        "flow":"data.sex=='Male'",
        "value":"",
        "items":[
        
            {"text":"डोके मुखिया ","value":"Head","valdn":""},
        
            {"text":"पती","value":"Husband","valdn":""},
        
            {"text":"मुलगा","value":"Son","valdn":""},
        
            {"text":"जावाई","value":"Son-in-law","valdn":""},
        
            {"text":"नातू /नात","value":"Grandchild","valdn":""},
        
            {"text":"वडील","value":"Father","valdn":""},
        
            {"text":"सासरा","value":"Father-in-law","valdn":""},
        
            {"text":"भाउ","value":"Brother","valdn":""},
        
            {"text":"जावाई","value":"Brother-in-law","valdn":""},
        
            {"text":"पुतण्या/भाचा","value":"Nephew","valdn":""},
        
            {"text":"भिन्न नातेवाईक","value":"Other relative ","valdn":""},
        
            {"text":"दत्तक घेतलेले/संगोपन केलेले मुल/सावत्र मुल","value":"Adopted/Foster/Step-child","valdn":""},
        
            {"text":"घरगुती नौकर","value":"Domestic servant","valdn":""},
        
            {"text":"भिन्न परंतु सबंध नसलेले नातेवाईक","value":"Other not related","valdn":""},
        
            {"text":"माहीती नाही","value":"Don't know","valdn":""}
        
        ],
        "image":"",
        "lookup":{
        
        },
        "metadata":{
                
                },
        "crossFlow":[
        
        ],
        "crossCheck":{
        
        },
        "help":""
        },



        {
        "name":"respodentThinkCod",
        "type":"text",
        "valdn":"maxlength[100],required",
        "label":"प्रतीवाद्यास मृत व्यक्तीचे मरणाचे कारण काय वाटते (प्रतीवाद्याला त्याच्या शब्दात आजाराची माहिती द्यायला लावा )",
        "flow":"",
        "value":"",
        "items":[
        
        ],
        "image":"",
        "lookup":{
        
        },
        "metadata":{
                
                },
        "crossFlow":[
        
        ],
        "crossCheck":{
        
        },
        "help":""
        },



        {
        "name":"deathPregnant",
        "type":"radio",
        "valdn":"required",
        "label":"मृत व्यक्ती (नाव) गरोदर असल्याचे तुम्हास माहित होते अथवा असा तुम्हास संशय होता किंवा मृत व्यक्ती (नाव) चे बाळंतपण अथवा गर्भ पात मागील ४२ दिवसात झाला होता का ",
        "flow":"data.age_value>=15 && data.age_value<=49 && data.age_unit=='Years'",
        "value":"",
        "items":[
        
            {"text":"होय","value":"Yes","valdn":""},
        
            {"text":"नाही","value":"No","valdn":""}
        
        ],
        "image":"",
        "lookup":{
        
        },
        "metadata":{
                
                },
        "crossFlow":[
        
        {"entity":"death","field":"sex","ref":"deathId","condition":"sex=='Female'","whereCondition":""},
        
        {"entity":"death","field":"age_value","ref":"deathId","condition":"age_value>=15 && age_value<50","whereCondition":""}
        
        ],
        "crossCheck":{
        
        },
        "help":""
        },



        {
        "name":"",
        "type":"heading",
        "valdn":"",
        "label":"मृत्यूची नोंदणी",
        "flow":"",
        "value":"",
        "items":[
        
        ],
        "image":"",
        "lookup":{
        
        },
        "metadata":{
                
                },
        "crossFlow":[
        
        ],
        "crossCheck":{
        
        },
        "help":""
        },



        {
        "name":"registered",
        "type":"radio",
        "valdn":"required",
        "label":"मृत्यूची नोंदणी  झाली होती का?",
        "flow":"",
        "value":"",
        "items":[
        
            {"text":"होय","value":"Yes","valdn":""},
        
            {"text":"नाही","value":"No","valdn":""},
        
            {"text":"माहीती नाही","value":"Don't know","valdn":""}
        
        ],
        "image":"",
        "lookup":{
        
        },
        "metadata":{
                
                },
        "crossFlow":[
        
        ],
        "crossCheck":{
        
        },
        "help":""
        },



        {
        "name":"certificateAvailability",
        "type":"radio",
        "valdn":"required",
        "label":"तुमच्याकडे त्याचे/तिचे मृत्यूचे प्रमाणपत्र आहे का  ?",
        "flow":"data.registered=='Yes'",
        "value":"",
        "items":[
        
            {"text":"होय","value":"Yes","valdn":""},
        
            {"text":"नाही","value":"No","valdn":""}
        
        ],
        "image":"",
        "lookup":{
        
        },
        "metadata":{
                
                },
        "crossFlow":[
        
        ],
        "crossCheck":{
        
        },
        "help":""
        },



        {
        "name":"dodRegistration",
        "type":"select_singletext",
        "valdn":"between[2010:2015],required",
        "label":"मृत्युच्या नोंदणीची तारीख काय होती? ",
        "flow":"data.registered=='Yes'",
        "value":"",
        "items":[
        
            {"text":"माहिती नाही","value":"Don't know","valdn":""},
        
            {"text":"जानेवारी","value":"Jan","valdn":""},
        
            {"text":"फेब्रुवारी","value":"Feb","valdn":""},
        
            {"text":"मार्च","value":"Mar","valdn":""},
        
            {"text":"एप्रिल","value":"Apr","valdn":""},
        
            {"text":"मे","value":"May","valdn":""},
        
            {"text":"जून","value":"Jun","valdn":""},
        
            {"text":"जुलै","value":"Jul","valdn":""},
        
            {"text":"ऑगस्ट","value":"Aug","valdn":""},
        
            {"text":"सप्टेंबर","value":"Sep","valdn":""},
        
            {"text":"ऑक्टोबर","value":"Oct","valdn":""},
        
            {"text":"नोव्हेंबर","value":"Nov","valdn":""},
        
            {"text":"डिसेंबर","value":"Dec","valdn":""}
        
        ],
        "image":"",
        "lookup":{
        
        },
        "metadata":{
                
                },
        "crossFlow":[
        
        ],
        "crossCheck":{
        
        },
        "help":""
        },



        {
        "name":"cod",
        "type":"text",
        "valdn":"maxlength[100]",
        "label":"मृत्यूचे कारण ",
        "flow":"data.certificateAvailability=='Yes'",
        "value":"",
        "items":[
        
        ],
        "image":"",
        "lookup":{
        
        },
        "metadata":{
                
                },
        "crossFlow":[
        
        ],
        "crossCheck":{
        
        },
        "help":""
        },



        {
        "name":"uCod",
        "type":"text",
        "valdn":"maxlength[100]",
        "label":"प्रमाणपत्रावरील मृत्यूचे मुख्य कारण ",
        "flow":"data.certificateAvailability=='Yes'",
        "value":"",
        "items":[
        
        ],
        "image":"",
        "lookup":{
        
        },
        "metadata":{
                
                },
        "crossFlow":[
        
        ],
        "crossCheck":{
        
        },
        "help":""
        },



        {
        "name":"aadharCard",
        "type":"radio",
        "valdn":"required",
        "label":"मृतव्यक्तीकडे  आधार कार्ड होते का ?",
        "flow":"data.age>=1",
        "value":"",
        "items":[
        
            {"text":"होय","value":"Yes","valdn":""},
        
            {"text":"नाही","value":"No","valdn":""}
        
        ],
        "image":"",
        "lookup":{
        
        },
        "metadata":{
                
                },
        "crossFlow":[
        
        ],
        "crossCheck":{
        
        },
        "help":""
        },



        {
        "name":"living",
        "type":"radio",
        "valdn":"required",
        "label":"तुम्ही (प्रतिवादी) मृतकाच्या मृत्यू समयी त्याच्या सोबत राहत होता का ?",
        "flow":"",
        "value":"",
        "items":[
        
            {"text":"होय","value":"Yes","valdn":""},
        
            {"text":"नाही","value":"No","valdn":""}
        
        ],
        "image":"",
        "lookup":{
        
        },
        "metadata":{
                
                },
        "crossFlow":[
        
        ],
        "crossCheck":{
        
        },
        "help":""
        }



]
}