{
"schemaName":"enum.eslDetail.abdominalUrine",
"onSave":"",
"condition":"",
"success":"",
"fail":"",
"crossEntity":"",
"properties":[


        {
        "name":"datastore",
        "type":"hidden",
        "valdn":"",
        "label":"",
        "flow":"",
        "value":"abdominalUrine",
        "items":[
        
        ],
        "image":"",
        "lookup":{
        
        },
        "metadata":{
                
                },
        "crossFlow":[
        
        ],
        "crossCheck":{
        
        },
        "help":""
        },



        {
        "name":"deathId",
        "type":"hidden",
        "valdn":"",
        "label":"",
        "flow":"",
        "value":"$stateParams.deathId",
        "items":[
        
        ],
        "image":"",
        "lookup":{
        
        },
        "metadata":{
                
                },
        "crossFlow":[
        
        ],
        "crossCheck":{
        
        },
        "help":""
        },



        {
        "name":"starttime",
        "type":"hidden",
        "valdn":"",
        "label":"",
        "flow":"",
        "value":"timestamp",
        "items":[
        
        ],
        "image":"",
        "lookup":{
        
        },
        "metadata":{
                
                },
        "crossFlow":[
        
        ],
        "crossCheck":{
        
        },
        "help":""
        },



        {
        "name":"",
        "type":"heading",
        "valdn":"",
        "label":"पोटाचे विकार ",
        "flow":"",
        "value":"",
        "items":[
        
        ],
        "image":"",
        "lookup":{
        
        },
        "metadata":{
                
                },
        "crossFlow":[
        
        ],
        "crossCheck":{
        
        },
        "help":""
        },



        {
        "name":"abdominalProb",
        "type":"radio",
        "valdn":"required",
        "label":"त्याला/तिला (नाव) पोटाचा काही त्रास होत होता का?",
        "flow":"",
        "value":"",
        "items":[
        
            {"text":"होय","value":"Yes","valdn":""},
        
            {"text":"नाही","value":"No","valdn":""},
        
            {"text":"माहीती नाही","value":"Don't know","valdn":""}
        
        ],
        "image":"",
        "lookup":{
        
        },
        "metadata":{
                
                },
        "crossFlow":[
        
        {"entity":"death","field":"age_value","ref":"deathId","condition":"age_value>0.077","whereCondition":""}
        
        ],
        "crossCheck":{
        
        },
        "help":""
        },



        {
        "name":"abdominalPain",
        "type":"radio",
        "valdn":"required",
        "label":"त्याला/तिला (नाव) पोटात दुखत होते का?",
        "flow":"",
        "value":"",
        "items":[
        
            {"text":"होय","value":"Yes","valdn":""},
        
            {"text":"नाही","value":"No","valdn":""},
        
            {"text":"माहीती नाही","value":"Don't know","valdn":""}
        
        ],
        "image":"",
        "lookup":{
        
        },
        "metadata":{
                
                },
        "crossFlow":[
        
        {"entity":"death","field":"age_value","ref":"deathId","condition":"age_value>=0.91","whereCondition":""}
        
        ],
        "crossCheck":{
        
        },
        "help":""
        },



        {
        "name":"durAbdPain",
        "type":"select_text",
        "valdn":"required",
        "label":"मृत्युच्या किती काळ आधीपासून त्याला/तिला (नाव) पोटाचा त्रास होत होता?",
        "flow":"data.abdominalPain=='Yes' ",
        "value":"",
        "items":[
        
            {"text":"दिवस","value":"Days","valdn":"between[1:31],required"},
        
            {"text":"महिने","value":"Months","valdn":"between[1:12],required"},
        
            {"text":"वर्षे","value":"Years","valdn":"between[1:120],required"}
        
        ],
        "image":"",
        "lookup":{
        
        },
        "metadata":{
                
                },
        "crossFlow":[
        
        {"entity":"death","field":"age_value","ref":"deathId","condition":"age_value>=0.91","whereCondition":""}
        
        ],
        "crossCheck":{
        
            "entity":"death",
            "field":"age_value",
            "ref":"deathId",
            "condition":"between[1:{value}],required"
        
        },
        "help":""
        },



        {
        "name":"abdPainDiscomfort",
        "type":"radio",
        "valdn":"required",
        "label":"त्याला/ तिला पोटात दुखत होते किंवा अस्वस्थ वाटत होते का ?",
        "flow":"",
        "value":"",
        "items":[
        
            {"text":"होय","value":"Yes","valdn":""},
        
            {"text":"नाही","value":"No","valdn":""},
        
            {"text":"माहीती नाही","value":"Don't know","valdn":""}
        
        ],
        "image":"",
        "lookup":{
        
        },
        "metadata":{
                
                },
        "crossFlow":[
        
        {"entity":"death","field":"age_value","ref":"deathId","condition":"age_value>=5","whereCondition":""}
        
        ],
        "crossCheck":{
        
        },
        "help":""
        },



        {
        "name":"durAbdPainDiscomfort",
        "type":"select_text",
        "valdn":"required",
        "label":"किती वेळापासून त्याला किंवा तिला पोटात दुखत होते किंवा अस्वस्थ वाटत होते का ?",
        "flow":"data.abdPainDiscomfort=='Yes' ",
        "value":"",
        "items":[
        
            {"text":"दिवस","value":"Days","valdn":"between[1:31],required"},
        
            {"text":"महिने","value":"Months","valdn":"between[1:12],required"},
        
            {"text":"वर्षे","value":"Years","valdn":"between[1:120],required"}
        
        ],
        "image":"",
        "lookup":{
        
        },
        "metadata":{
                
                },
        "crossFlow":[
        
        {"entity":"death","field":"age_value","ref":"deathId","condition":"age_value>=5","whereCondition":""}
        
        ],
        "crossCheck":{
        
            "entity":"death",
            "field":"age_value",
            "ref":"deathId",
            "condition":"between[1:{value}],required"
        
        },
        "help":""
        },



        {
        "name":"abdomenPart",
        "type":"radio",
        "valdn":"required",
        "label":"पोटाचे दुखणे पोटाच्या वरच्या की खालच्या भागात होते?",
        "flow":"data.abdPainDiscomfort=='Yes' ",
        "value":"",
        "items":[
        
            {"text":"पोटाचा वरचा भाग","value":"Upper abdomen","valdn":""},
        
            {"text":"पोटाचा खालचा भाग","value":"Lower abdomen","valdn":""},
        
            {"text":"माहिती नाही","value":"Don't know ","valdn":""}
        
        ],
        "image":"",
        "lookup":{
        
        },
        "metadata":{
                
                },
        "crossFlow":[
        
        {"entity":"death","field":"age_value","ref":"deathId","condition":"age_value>=0.91","whereCondition":""}
        
        ],
        "crossCheck":{
        
        },
        "help":""
        },



        {
        "name":"bellyProtrude",
        "type":"radio",
        "valdn":"required",
        "label":"त्याचे/तिचे (नाव) पोट नेहमीपेक्षा पुढे आले होते का?",
        "flow":"",
        "value":"",
        "items":[
        
            {"text":"होय","value":"Yes","valdn":""},
        
            {"text":"नाही","value":"No","valdn":""},
        
            {"text":"माहीती नाही","value":"Don't know","valdn":""}
        
        ],
        "image":"",
        "lookup":{
        
        },
        "metadata":{
                
                },
        "crossFlow":[
        
        ],
        "crossCheck":{
        
        },
        "help":""
        },



        {
        "name":"durBellyProtrudeDays",
        "type":"text",
        "valdn":"between[0:28],required",
        "label":"मृत्युच्या किती दिवस आदोगर त्याचे / तिचे पोट पुढे आले होते ?",
        "flow":"data.abdominalProb=='Yes' && data.bellyProtrude=='Yes'",
        "value":"",
        "items":[
        
        ],
        "image":"",
        "lookup":{
        
        },
        "metadata":{
                
                },
        "crossFlow":[
        
        {"entity":"death","field":"age_value","ref":"deathId","condition":"age_value>=0 && age_value<0.079","whereCondition":""}
        
        ],
        "crossCheck":{
        
            "entity":"death",
            "field":"age_value",
            "ref":"deathId",
            "condition":"between[1:{value}],required"
        
        },
        "help":""
        },



        {
        "name":"durBellyProtrudeMonths",
        "type":"select_text",
        "valdn":"required",
        "label":"मृत्युच्या किती काळ आधी त्याचे/तिचे (नाव) पोट नेहमीपेक्षा समोर आले होते?",
        "flow":"data.abdominalPain=='Yes' && data.bellyProtrude=='Yes'",
        "value":"",
        "items":[
        
            {"text":"दिवस","value":"Days","valdn":"between[1:31],required"},
        
            {"text":"महिने","value":"Months","valdn":"between[1:12],required"}
        
        ],
        "image":"",
        "lookup":{
        
        },
        "metadata":{
                
                },
        "crossFlow":[
        
        {"entity":"death","field":"age_value","ref":"deathId","condition":"age_value>=0.079 && age_value<1","whereCondition":""}
        
        ],
        "crossCheck":{
        
            "entity":"death",
            "field":"age_value",
            "ref":"deathId",
            "condition":"between[1:{value}],required"
        
        },
        "help":""
        },



        {
        "name":"durBellyProtrude",
        "type":"select_text",
        "valdn":"required",
        "label":"मृत्युच्या किती दिवस आदोगर त्याचे / तिचे पोट पुढे आले होते ?",
        "flow":"data.abdPainDiscomfort=='Yes'  && data.bellyProtrude=='Yes'",
        "value":"",
        "items":[
        
            {"text":"दिवस","value":"Days","valdn":"between[1:31],required"},
        
            {"text":"महिने","value":"Months","valdn":"between[1:12],required"},
        
            {"text":"वर्षे","value":"Years","valdn":"between[1:120],required"}
        
        ],
        "image":"",
        "lookup":{
        
        },
        "metadata":{
                
                },
        "crossFlow":[
        
        {"entity":"death","field":"age_value","ref":"deathId","condition":"age_value>=0.91","whereCondition":""}
        
        ],
        "crossCheck":{
        
            "entity":"death",
            "field":"age_value",
            "ref":"deathId",
            "condition":"between[1:{value}],required"
        
        },
        "help":""
        },



        {
        "name":"speedBellyProtrude",
        "type":"radio",
        "valdn":"required",
        "label":"त्याचे/तिचे (नाव) पोट किती कालावधीत नेहमीपेक्षा समोर आले होते?",
        "flow":"data.bellyProtrude=='Yes'",
        "value":"",
        "items":[
        
            {"text":"वेगाने","value":"Rapidly","valdn":""},
        
            {"text":"हळूहळू","value":"Slowly","valdn":""},
        
            {"text":"माहिती नाही","value":"Don't know ","valdn":""}
        
        ],
        "image":"",
        "lookup":{
        
        },
        "metadata":{
                
                },
        "crossFlow":[
        
        ],
        "crossCheck":{
        
        },
        "help":""
        },



        {
        "name":"bellyMass",
        "type":"radio",
        "valdn":"required",
        "label":"त्याच्या/तिच्या (नाव) पोटात काही गाठ वगैरे होती का?",
        "flow":"data.abdominalPain=='Yes' || data.abdPainDiscomfort=='Yes'",
        "value":"",
        "items":[
        
            {"text":"होय","value":"Yes","valdn":""},
        
            {"text":"नाही","value":"No","valdn":""},
        
            {"text":"माहीती नाही","value":"Don't know","valdn":""}
        
        ],
        "image":"",
        "lookup":{
        
        },
        "metadata":{
                
                },
        "crossFlow":[
        
        {"entity":"death","field":"age_value","ref":"deathId","condition":"age_value>=0 && age_value<0.079","whereCondition":""}
        
        ],
        "crossCheck":{
        
        },
        "help":""
        },



        {
        "name":"durBellyMassMonths",
        "type":"select_text",
        "valdn":"required",
        "label":"मृत्युच्या किती काळ आधीपासून त्याच्या/तिच्या (नाव) पोटात गाठ होती?",
        "flow":"(data.abdominalPain=='Yes'  || data.abdPainDiscomfort=='Yes') && data.bellyMass=='Yes'",
        "value":"",
        "items":[
        
            {"text":"दिवस","value":"Days","valdn":"between[1:31],required"},
        
            {"text":"महिने","value":"Months","valdn":"between[1:12],required"}
        
        ],
        "image":"",
        "lookup":{
        
        },
        "metadata":{
                
                },
        "crossFlow":[
        
        {"entity":"death","field":"age_value","ref":"deathId","condition":"age_value>=0.079 && age_value<1","whereCondition":""}
        
        ],
        "crossCheck":{
        
            "entity":"death",
            "field":"age_value",
            "ref":"deathId",
            "condition":"between[1:{value}],required"
        
        },
        "help":""
        },



        {
        "name":"durationBellyMass",
        "type":"select_text",
        "valdn":"required",
        "label":"मृत्युच्या किती काळ आधीपासून त्याच्या/तिच्या (नाव) पोटात गाठ होती?",
        "flow":"(data.abdominalPain=='Yes'  || data.abdPainDiscomfort=='Yes') && data.bellyMass=='Yes'",
        "value":"",
        "items":[
        
            {"text":"दिवस","value":"Days","valdn":"between[1:31],required"},
        
            {"text":"महिने","value":"Months","valdn":"between[1:12],required"},
        
            {"text":"वर्षे","value":"Years","valdn":"between[1:120],required"}
        
        ],
        "image":"",
        "lookup":{
        
        },
        "metadata":{
                
                },
        "crossFlow":[
        
        {"entity":"death","field":"age_value","ref":"deathId","condition":"age_value>=0.91","whereCondition":""}
        
        ],
        "crossCheck":{
        
            "entity":"death",
            "field":"age_value",
            "ref":"deathId",
            "condition":"between[1:{value}],required"
        
        },
        "help":""
        },



        {
        "name":"",
        "type":"heading",
        "valdn":"",
        "label":"गिळण्या संबंधी विकार  ",
        "flow":"",
        "value":"",
        "items":[
        
        ],
        "image":"",
        "lookup":{
        
        },
        "metadata":{
                
                },
        "crossFlow":[
        
        {"entity":"death","field":"age_value","ref":"deathId","condition":"age_value>=5","whereCondition":""}
        
        ],
        "crossCheck":{
        
        },
        "help":""
        },



        {
        "name":"difficultySwallow",
        "type":"radio",
        "valdn":"required",
        "label":"त्याला/तिला गिळण्यासाठी त्रास होता का?",
        "flow":"",
        "value":"",
        "items":[
        
            {"text":"होय","value":"Yes","valdn":""},
        
            {"text":"नाही","value":"No","valdn":""},
        
            {"text":"माहीती नाही","value":"Don't know","valdn":""}
        
        ],
        "image":"",
        "lookup":{
        
        },
        "metadata":{
                
                },
        "crossFlow":[
        
        {"entity":"death","field":"age_value","ref":"deathId","condition":"age_value>=5","whereCondition":""}
        
        ],
        "crossCheck":{
        
        },
        "help":""
        },



        {
        "name":"durationSwallow",
        "type":"select_text",
        "valdn":"required",
        "label":"मृत्यू अगोदर किती वेळ त्याला/तिला गिळण्यासाठी त्रास होता ?",
        "flow":"data.difficultySwallow=='Yes'",
        "value":"",
        "items":[
        
            {"text":"दिवस","value":"Days","valdn":"between[1:31],required"},
        
            {"text":"महिने","value":"Months","valdn":"between[1:12],required"},
        
            {"text":"वर्षे","value":"Years","valdn":"between[1:120],required"}
        
        ],
        "image":"",
        "lookup":{
        
        },
        "metadata":{
                
                },
        "crossFlow":[
        
        {"entity":"death","field":"age_value","ref":"deathId","condition":"age_value>=5","whereCondition":""}
        
        ],
        "crossCheck":{
        
            "entity":"death",
            "field":"age_value",
            "ref":"deathId",
            "condition":"between[1:{value}],required"
        
        },
        "help":""
        },



        {
        "name":"difficultySolidLiquid",
        "type":"radio",
        "valdn":"required",
        "label":"त्याला/तिला  द्रव,घन,वा दोन्ही पदार्थ गिळण्यासाठी त्रास होता का?",
        "flow":"data.difficultySwallow=='Yes'",
        "value":"",
        "items":[
        
            {"text":"घन","value":"Solids","valdn":""},
        
            {"text":"द्रव","value":"Liquids","valdn":""},
        
            {"text":"दोंन्ही","value":"Both","valdn":""},
        
            {"text":"माहिती नाही","value":"Don't know ","valdn":""}
        
        ],
        "image":"",
        "lookup":{
        
        },
        "metadata":{
                
                },
        "crossFlow":[
        
        {"entity":"death","field":"age_value","ref":"deathId","condition":"age_value>=5","whereCondition":""}
        
        ],
        "crossCheck":{
        
        },
        "help":""
        },



        {
        "name":"pain",
        "type":"radio",
        "valdn":"required",
        "label":"त्याला/तिला गिळताना दुखत होते का?",
        "flow":"data.difficultySwallow=='Yes'",
        "value":"",
        "items":[
        
            {"text":"होय","value":"Yes","valdn":""},
        
            {"text":"नाही","value":"No","valdn":""},
        
            {"text":"माहीती नाही","value":"Don't know","valdn":""}
        
        ],
        "image":"",
        "lookup":{
        
        },
        "metadata":{
                
                },
        "crossFlow":[
        
        {"entity":"death","field":"age_value","ref":"deathId","condition":"age_value>=5","whereCondition":""}
        
        ],
        "crossCheck":{
        
        },
        "help":""
        },



        {
        "name":"",
        "type":"heading",
        "valdn":"",
        "label":"मूत्राशयाचे विकार ",
        "flow":"",
        "value":"",
        "items":[
        
        ],
        "image":"",
        "lookup":{
        
        },
        "metadata":{
                
                },
        "crossFlow":[
        
        {"entity":"death","field":"age_value","ref":"deathId","condition":"age_value>=5","whereCondition":""}
        
        ],
        "crossCheck":{
        
        },
        "help":""
        },



        {
        "name":"urine",
        "type":"radio",
        "valdn":"required",
        "label":"त्याला/तिला लघवीचा काही त्रास होता का?",
        "flow":"",
        "value":"",
        "items":[
        
            {"text":"होय","value":"Yes","valdn":""},
        
            {"text":"नाही","value":"No","valdn":""},
        
            {"text":"माहीती नाही","value":"Don't know","valdn":""}
        
        ],
        "image":"",
        "lookup":{
        
        },
        "metadata":{
                
                },
        "crossFlow":[
        
        {"entity":"death","field":"age_value","ref":"deathId","condition":"age_value>0.077","whereCondition":""}
        
        ],
        "crossCheck":{
        
        },
        "help":""
        },



        {
        "name":"noUrine",
        "type":"radio",
        "valdn":"required",
        "label":"त्याने/तिने   अजिबात लघवी केली नव्हती का?",
        "flow":"data.urine=='Yes'",
        "value":"",
        "items":[
        
            {"text":"होय","value":"Yes","valdn":""},
        
            {"text":"नाही","value":"No","valdn":""},
        
            {"text":"माहीती नाही","value":"Don't know","valdn":""}
        
        ],
        "image":"",
        "lookup":{
        
        },
        "metadata":{
                
                },
        "crossFlow":[
        
        {"entity":"death","field":"age_value","ref":"deathId","condition":"age_value>0.077","whereCondition":""}
        
        ],
        "crossCheck":{
        
        },
        "help":""
        },



        {
        "name":"moreUrine",
        "type":"radio",
        "valdn":"required",
        "label":"तो/ती नेहमीपेक्षा जास्त वेळा लघवीला जात होती का?",
        "flow":"data.urine=='Yes'",
        "value":"",
        "items":[
        
            {"text":"होय","value":"Yes","valdn":""},
        
            {"text":"नाही","value":"No","valdn":""},
        
            {"text":"माहीती नाही","value":"Don't know","valdn":""}
        
        ],
        "image":"",
        "lookup":{
        
        },
        "metadata":{
                
                },
        "crossFlow":[
        
        {"entity":"death","field":"age_value","ref":"deathId","condition":"age_value>0.077","whereCondition":""}
        
        ],
        "crossCheck":{
        
        },
        "help":""
        },



        {
        "name":"bloodUrine",
        "type":"radio",
        "valdn":"required",
        "label":"अंतिम आजारामध्ये त्याच्या वा तिच्या लघवीमध्ये  कधी रक्त गेले होते?",
        "flow":"data.urine=='Yes'",
        "value":"",
        "items":[
        
            {"text":"होय","value":"Yes","valdn":""},
        
            {"text":"नाही","value":"No","valdn":""},
        
            {"text":"माहीती नाही","value":"Don't know","valdn":""}
        
        ],
        "image":"",
        "lookup":{
        
        },
        "metadata":{
                
                },
        "crossFlow":[
        
        {"entity":"death","field":"age_value","ref":"deathId","condition":"age_value>0.077","whereCondition":""}
        
        ],
        "crossCheck":{
        
        },
        "help":""
        },



        {
        "name":"difficultyUrine",
        "type":"radio",
        "valdn":"required",
        "label":"लघवी करण्यासाठी तिला /त्याला कधी त्रास झाला होता का?",
        "flow":"data.urine=='Yes'",
        "value":"",
        "items":[
        
            {"text":"होय","value":"Yes","valdn":""},
        
            {"text":"नाही","value":"No","valdn":""},
        
            {"text":"माहीती नाही","value":"Don't know","valdn":""}
        
        ],
        "image":"",
        "lookup":{
        
        },
        "metadata":{
                
                },
        "crossFlow":[
        
        {"entity":"death","field":"age_value","ref":"deathId","condition":"age_value>=15 && age_value<71","whereCondition":""}
        
        ],
        "crossCheck":{
        
        },
        "help":""
        },



        {
        "name":"bloodStool",
        "type":"radio",
        "valdn":"required",
        "label":"त्याच्या / तिच्या विष्ठेतून रक्त पडत  होते का ?",
        "flow":"data.abdPainDiscomfort=='Yes'",
        "value":"",
        "items":[
        
            {"text":"होय","value":"Yes","valdn":""},
        
            {"text":"नाही","value":"No","valdn":""},
        
            {"text":"माहीती नाही","value":"Don't know","valdn":""}
        
        ],
        "image":"",
        "lookup":{
        
        },
        "metadata":{
                
                },
        "crossFlow":[
        
        {"entity":"death","field":"age_value","ref":"deathId","condition":"age_value>=5","whereCondition":""}
        
        ],
        "crossCheck":{
        
        },
        "help":""
        },



        {
        "name":"bloodNoseMouthAnus",
        "type":"radio",
        "valdn":"required",
        "label":"त्याच्या / तिच्या तोंडातून, नाकातून किंवा गुद्द्द्वारातून रक्त पडत  होते का ?",
        "flow":"data.abdominalPain=='Yes' || data.abdPainDiscomfort=='Yes'",
        "value":"",
        "items":[
        
            {"text":"होय","value":"Yes","valdn":""},
        
            {"text":"नाही","value":"No","valdn":""},
        
            {"text":"माहीती नाही","value":"Don't know","valdn":""}
        
        ],
        "image":"",
        "lookup":{
        
        },
        "metadata":{
                
                },
        "crossFlow":[
        
        {"entity":"death","field":"age_value","ref":"deathId","condition":"age_value>0.077","whereCondition":""}
        
        ],
        "crossCheck":{
        
        },
        "help":""
        },



        {
        "name":"water",
        "type":"radio",
        "valdn":"required",
        "label":"तो / ती नेहमीपेक्षा जास्त पाणी पीत होता / होती का ?",
        "flow":"data.urine=='Yes'",
        "value":"",
        "items":[
        
            {"text":"होय","value":"Yes","valdn":""},
        
            {"text":"नाही","value":"No","valdn":""},
        
            {"text":"माहीती नाही","value":"Don't know","valdn":""}
        
        ],
        "image":"",
        "lookup":{
        
        },
        "metadata":{
                
                },
        "crossFlow":[
        
        {"entity":"death","field":"age_value","ref":"deathId","condition":"age_value>=0.91","whereCondition":""}
        
        ],
        "crossCheck":{
        
        },
        "help":""
        },



        {
        "name":"bleedBnPeriods",
        "type":"radio",
        "valdn":"required",
        "label":"तिला (नाव) मासिक पाळीच्या दरम्यान अत्याधिक रक्तस्त्राव व्हायचा का?",
        "flow":"",
        "value":"",
        "items":[
        
            {"text":"होय","value":"Yes","valdn":""},
        
            {"text":"नाही","value":"No","valdn":""},
        
            {"text":"माहीती नाही","value":"Don't know","valdn":""}
        
        ],
        "image":"",
        "lookup":{
        
        },
        "metadata":{
                
                },
        "crossFlow":[
        
        {"entity":"death","field":"age_value","ref":"deathId","condition":"age_value>=12","whereCondition":""},
        
        {"entity":"death","field":"sex","ref":"deathId","condition":"sex=='Female'","whereCondition":""}
        
        ],
        "crossCheck":{
        
        },
        "help":""
        },



        {
        "name":"bleedWeekDeath",
        "type":"radio",
        "valdn":"required",
        "label":"मृत्युच्या १ आठवड्यापूर्वी तिला (नाव) योनीमार्गे अत्याधिक रक्तस्त्राव झाला होता का?",
        "flow":"data.bleedBnPeriods=='Yes'",
        "value":"",
        "items":[
        
            {"text":"होय","value":"Yes","valdn":""},
        
            {"text":"नाही","value":"No","valdn":""},
        
            {"text":"माहीती नाही","value":"Don't know","valdn":""}
        
        ],
        "image":"",
        "lookup":{
        
        },
        "metadata":{
                
                },
        "crossFlow":[
        
        {"entity":"death","field":"age_value","ref":"deathId","condition":"age_value>=12","whereCondition":""},
        
        {"entity":"death","field":"sex","ref":"deathId","condition":"sex=='Female'","whereCondition":""}
        
        ],
        "crossCheck":{
        
        },
        "help":""
        },



        {
        "name":"bleedAfterMenopause",
        "type":"radio",
        "valdn":"required",
        "label":"तिची (नाव) रजोनिवृत्ती झाल्यानंतर तिला (नाव) कधीही योनीमार्गे रक्तस्त्राव झाला होता का? (रजोनिवृत्ती - स्त्री ची मासिक पाळी थांबल्यानंतरचे सलग १२ महिने)",
        "flow":"data.bleedBnPeriods=='Yes'",
        "value":"",
        "items":[
        
            {"text":"होय","value":"Yes","valdn":""},
        
            {"text":"नाही","value":"No","valdn":""},
        
            {"text":"माहीती नाही","value":"Don't know","valdn":""}
        
        ],
        "image":"",
        "lookup":{
        
        },
        "metadata":{
                
                },
        "crossFlow":[
        
        {"entity":"death","field":"age_value","ref":"deathId","condition":"age_value>=45","whereCondition":""},
        
        {"entity":"death","field":"sex","ref":"deathId","condition":"sex=='Female'","whereCondition":""}
        
        ],
        "crossCheck":{
        
        },
        "help":""
        }



]
}