{
"schemaName":"enum.eslDetail.feedback",
"onSave":"",
"condition":"",
"success":"",
"fail":"",
"crossEntity":"",
"properties":[


        {
        "name":"datastore",
        "type":"hidden",
        "valdn":"",
        "label":"",
        "flow":"",
        "value":"feedback",
        "items":[
        
        ],
        "image":"",
        "lookup":{
        
        },
        "metadata":{
                
                },
        "crossFlow":[
        
        ],
        "crossCheck":{
        
        },
        "help":""
        },



        {
        "name":"deathId",
        "type":"hidden",
        "valdn":"",
        "label":"",
        "flow":"",
        "value":"$stateParams.deathId",
        "items":[
        
        ],
        "image":"",
        "lookup":{
        
        },
        "metadata":{
                
                },
        "crossFlow":[
        
        ],
        "crossCheck":{
        
        },
        "help":""
        },



        {
        "name":"surveyor",
        "type":"hidden",
        "valdn":"",
        "label":"",
        "flow":"",
        "value":"user.id",
        "items":[
        
        ],
        "image":"",
        "lookup":{
        
        },
        "metadata":{
                
                },
        "crossFlow":[
        
        ],
        "crossCheck":{
        
        },
        "help":""
        },



        {
        "name":"cooperation",
        "type":"radio",
        "valdn":"required",
        "label":"प्रतीवाद्याची प्रतिक्रिया ",
        "flow":"",
        "value":"",
        "items":[
        
            {"text":"चांगले ","value":"Good","valdn":""},
        
            {"text":"वाईट ","value":"Poor","valdn":""}
        
        ],
        "image":"",
        "lookup":{
        
        },
        "metadata":{
                
                },
        "crossFlow":[
        
        ],
        "crossCheck":{
        
        },
        "help":""
        }



]
}