{
"schemaName":"enum.eslDetail.tobacco",
"onSave":"",
"condition":"",
"success":"",
"fail":"",
"crossEntity":"",
"properties":[


        {
        "name":"datastore",
        "type":"hidden",
        "valdn":"",
        "label":"",
        "flow":"",
        "value":"tobacco",
        "items":[
        
        ],
        "image":"",
        "lookup":{
        
        },
        "metadata":{
                
                },
        "crossFlow":[
        
        ],
        "crossCheck":{
        
        },
        "help":""
        },



        {
        "name":"deathId",
        "type":"hidden",
        "valdn":"",
        "label":"",
        "flow":"",
        "value":"$stateParams.deathId",
        "items":[
        
        ],
        "image":"",
        "lookup":{
        
        },
        "metadata":{
                
                },
        "crossFlow":[
        
        ],
        "crossCheck":{
        
        },
        "help":""
        },



        {
        "name":"starttime",
        "type":"hidden",
        "valdn":"",
        "label":"",
        "flow":"",
        "value":"timestamp",
        "items":[
        
        ],
        "image":"",
        "lookup":{
        
        },
        "metadata":{
                
                },
        "crossFlow":[
        
        ],
        "crossCheck":{
        
        },
        "help":""
        },



        {
        "name":"",
        "type":"heading",
        "valdn":"",
        "label":"तंबाखूचा वापर ",
        "flow":"",
        "value":"",
        "items":[
        
        ],
        "image":"",
        "lookup":{
        
        },
        "metadata":{
                
                },
        "crossFlow":[
        
        {"entity":"death","field":"age_value","ref":"deathId","condition":"age_value>=15 && age_value<71","whereCondition":""}
        
        ],
        "crossCheck":{
        
        },
        "help":""
        },



        {
        "name":"smokeCigarettes5Yrs",
        "type":"radio",
        "valdn":"required",
        "label":"मागील पाच वर्षात त्याला/तिला (नाव) सिगारेट  चा धूर ओडला होता का? ",
        "flow":"",
        "value":"",
        "items":[
        
            {"text":"होय","value":"Yes","valdn":""},
        
            {"text":"नाही","value":"No","valdn":""},
        
            {"text":"माहीती नाही","value":"Don't know","valdn":""}
        
        ],
        "image":"",
        "lookup":{
        
        },
        "metadata":{
                
                },
        "crossFlow":[
        
        {"entity":"death","field":"age_value","ref":"deathId","condition":"age_value>=15 && age_value<71","whereCondition":""}
        
        ],
        "crossCheck":{
        
        },
        "help":""
        },



        {
        "name":"cigarettes",
        "type":"text",
        "valdn":"between[1:99],required",
        "label":"जर हो,  तर दिवसाला किती सिगारेट  ? ",
        "flow":"data.smokeCigarettes5Yrs=='Yes'",
        "value":"",
        "items":[
        
        ],
        "image":"",
        "lookup":{
        
        },
        "metadata":{
                
                },
        "crossFlow":[
        
        {"entity":"death","field":"age_value","ref":"deathId","condition":"age_value>=15 && age_value<71","whereCondition":""}
        
        ],
        "crossCheck":{
        
        },
        "help":""
        },



        {
        "name":"smokeBidis5Yrs",
        "type":"radio",
        "valdn":"required",
        "label":"मागील पाच वर्षात त्याला/तिला (नाव) बिडी  ओडला होता का? ",
        "flow":"",
        "value":"",
        "items":[
        
            {"text":"होय","value":"Yes","valdn":""},
        
            {"text":"नाही","value":"No","valdn":""},
        
            {"text":"माहीती नाही","value":"Don't know","valdn":""}
        
        ],
        "image":"",
        "lookup":{
        
        },
        "metadata":{
                
                },
        "crossFlow":[
        
        {"entity":"death","field":"age_value","ref":"deathId","condition":"age_value>=15 && age_value<71","whereCondition":""}
        
        ],
        "crossCheck":{
        
        },
        "help":""
        },



        {
        "name":"bidi",
        "type":"text",
        "valdn":"between[1:99],required",
        "label":"जर हो,  तर दिवसाला किती बिडी ? ",
        "flow":"data.smokeBidis5Yrs=='Yes'",
        "value":"",
        "items":[
        
        ],
        "image":"",
        "lookup":{
        
        },
        "metadata":{
                
                },
        "crossFlow":[
        
        {"entity":"death","field":"age_value","ref":"deathId","condition":"age_value>=15 && age_value<71","whereCondition":""}
        
        ],
        "crossCheck":{
        
        },
        "help":""
        },



        {
        "name":"otherTobacco",
        "type":"radio",
        "valdn":"required",
        "label":"किंवा इतर तंबाखू जन्य पदार्थ वापरत आहात का ?",
        "flow":"data.age >= 15",
        "value":"",
        "items":[
        
            {"text":"होय","value":"Yes","valdn":""},
        
            {"text":"नाही","value":"No","valdn":""}
        
        ],
        "image":"",
        "lookup":{
        
        },
        "metadata":{
                
                },
        "crossFlow":[
        
        {"entity":"death","field":"age_value","ref":"deathId","condition":"age_value>=15 && age_value<71","whereCondition":""}
        
        ],
        "crossCheck":{
        
        },
        "help":""
        },



        {
        "name":"listOtherTobacco",
        "type":"checkbox",
        "valdn":"required",
        "label":"त्याला/तिला अन्य कोणत्या प्रकारे  धुम्रपान किंवा इतर तंबाखू जन्य पदार्थाचा वापर  करत आहात ?",
        "flow":"data.age >= 15 && data.otherTobacco=='Yes'",
        "value":"",
        "items":[
        
            {"text":"चिरूट","value":"Cigar","valdn":""},
        
            {"text":"नळी ","value":"Pipe","valdn":""},
        
            {"text":"हूकः ","value":"Hookah","valdn":""},
        
            {"text":"गुटखा ध् पानमसाला तंबाखू सोबत ","value":"Gutkha/Paan Masala with tobacco","valdn":""},
        
            {"text":"खैनी ","value":"Khaini ","valdn":""},
        
            {"text":"पानासोबत तंबाखू ","value":"Paan with tobacco","valdn":""},
        
            {"text":"इतर तंबाखू जन्य पदार्थ ","value":"Other chewing tobacco ","valdn":""},
        
            {"text":"तपकीर ","value":"Snuff","valdn":""},
        
            {"text":"इतर","value":"Other ","valdn":""}
        
        ],
        "image":"",
        "lookup":{
        
        },
        "metadata":{
                
                },
        "crossFlow":[
        
        {"entity":"death","field":"age_value","ref":"deathId","condition":"age_value>=15 && age_value<71","whereCondition":""}
        
        ],
        "crossCheck":{
        
        },
        "help":""
        },



        {
        "name":"typeOtherTobacco",
        "type":"text",
        "valdn":"required",
        "label":"तंबाखू जन्य पदार्थाचा प्रकार स्पष्ट करा ",
        "flow":"data.age >= 15 && data.listOtherTobacco=='Other'",
        "value":"",
        "items":[
        
        ],
        "image":"",
        "lookup":{
        
        },
        "metadata":{
                
                },
        "crossFlow":[
        
        {"entity":"death","field":"age_value","ref":"deathId","condition":"age_value>=15 && age_value<71","whereCondition":""}
        
        ],
        "crossCheck":{
        
        },
        "help":""
        },



        {
        "name":"alcohol",
        "type":"radio",
        "valdn":"required",
        "label":"तो / ती सामान्यतःअनेक आठवड्यातून किमान एक आठवडा तरी  दारू पित होता / होती का ?",
        "flow":"",
        "value":"",
        "items":[
        
            {"text":"होय","value":"Yes","valdn":""},
        
            {"text":"नाही","value":"No","valdn":""},
        
            {"text":"माहीती नाही","value":"Don't know","valdn":""}
        
        ],
        "image":"",
        "lookup":{
        
        },
        "metadata":{
                
                },
        "crossFlow":[
        
        {"entity":"death","field":"age_value","ref":"deathId","condition":"age_value>=15 && age_value<71","whereCondition":""}
        
        ],
        "crossCheck":{
        
        },
        "help":""
        },



        {
        "name":"avegDrinkDay",
        "type":"text",
        "valdn":"between[1:7],required",
        "label":"जर हो, तर सरासरी किती दिवस तो / ती आठवड्यातून पीत असत ? ",
        "flow":"data.alcohol=='Yes'",
        "value":"",
        "items":[
        
        ],
        "image":"",
        "lookup":{
        
        },
        "metadata":{
                
                },
        "crossFlow":[
        
        {"entity":"death","field":"age_value","ref":"deathId","condition":"age_value>=15 && age_value<71","whereCondition":""}
        
        ],
        "crossCheck":{
        
        },
        "help":""
        },



        {
        "name":"PureVegStatus",
        "type":"radio",
        "valdn":"required",
        "label":"मृत्युच्या  काही दिवस आदोगर तो / ती शुद्ध शाकाहारी होता / होती का ? ",
        "flow":"",
        "value":"",
        "items":[
        
            {"text":"निश्चित होकार ","value":"Definite Yes","valdn":""},
        
            {"text":"निश्चित नकार ","value":"Definite No","valdn":""},
        
            {"text":"अज्ञात","value":"Unknown","valdn":""}
        
        ],
        "image":"",
        "lookup":{
        
        },
        "metadata":{
                
                },
        "crossFlow":[
        
        {"entity":"death","field":"age_value","ref":"deathId","condition":"age_value>=15 && age_value<71","whereCondition":""}
        
        ],
        "crossCheck":{
        
        },
        "help":""
        }



]
}