{
"schemaName":"enum.memberDetail.basicInf",
"onSave":"enum.householdDetail.member",
"condition":"",
"success":"",
"fail":"",
"crossEntity":"",
"properties":[


        {
        "name":"datastore",
        "type":"hidden",
        "valdn":"",
        "label":"",
        "flow":"",
        "value":"member",
        "items":[
        
        ],
        "image":"",
        "lookup":{
        
        },
        "metadata":{
                
                },
        "crossFlow":[
        
        ],
        "crossCheck":{
        
        },
        "help":""
        },



        {
        "name":"householdId",
        "type":"hidden",
        "valdn":"",
        "label":"",
        "flow":"",
        "value":"$stateParams.householdId",
        "items":[
        
        ],
        "image":"",
        "lookup":{
        
        },
        "metadata":{
                
                },
        "crossFlow":[
        
        ],
        "crossCheck":{
        
        },
        "help":""
        },



        {
        "name":"name",
        "type":"text",
        "valdn":"alpha,minlength[3],required",
        "label":"कुटुंबातील/घरातील दुसऱ्या सदस्याचे नाव काय आहे?",
        "flow":"",
        "value":"",
        "items":[
        
        ],
        "image":"",
        "lookup":{
        
        },
        "metadata":{
                
                },
        "crossFlow":[
        
        ],
        "crossCheck":{
        
        },
        "help":""
        },



        {
        "name":"sex",
        "type":"radio",
        "valdn":"required",
        "label":"कुटुंबातील/घरातील ह्या सदस्याचे लिंग काय आहे?",
        "flow":"",
        "value":"",
        "items":[
        
            {"text":"स्त्री","value":"Female","valdn":""},
        
            {"text":"पुरुष","value":"Male","valdn":""},
        
            {"text":"इतर","value":"Other","valdn":""}
        
        ],
        "image":"",
        "lookup":{
        
        },
        "metadata":{
                
                },
        "crossFlow":[
        
        ],
        "crossCheck":{
        
        },
        "help":""
        },



        {
        "name":"relationHeadF",
        "type":"radio",
        "valdn":"required",
        "label":"या सदस्याचे कुटुंबप्रमुखाशी काय नाते आहे?",
        "flow":"data.sex=='Female'",
        "value":"",
        "items":[
        
            {"text":"डोके मुखिया ","value":"Head/Self","valdn":""},
        
            {"text":"पत्नी","value":"Wife","valdn":""},
        
            {"text":"मुलगी","value":"Daughter","valdn":""},
        
            {"text":"सुन","value":"Daughter-in-law","valdn":""},
        
            {"text":"नातू /नात","value":"Grandchild","valdn":""},
        
            {"text":"आई","value":"Mother","valdn":""},
        
            {"text":"सासू","value":"Mother-in-law","valdn":""},
        
            {"text":"बहीण","value":"Sister","valdn":""},
        
            {"text":"भावजय / वहिनी","value":"Sister-in-law","valdn":""},
        
            {"text":"पुतणी / भाची","value":"Niece","valdn":""},
        
            {"text":"इतर नातेवाईक","value":"Other relative ","valdn":""},
        
            {"text":"दत्तक घेतलेले/संगोपन केलेले मुल/साव़त्र मुल","value":"Adopted/Foster/Step-child","valdn":""},
        
            {"text":"घरगुती नौकर","value":"Domestic servant","valdn":""},
        
            {"text":"इतर सबंध नसलेले","value":"Other not related","valdn":""},
        
            {"text":"माहीत े नाही ","value":"Don't know","valdn":""}
        
        ],
        "image":"",
        "lookup":{
        
        },
        "metadata":{
                
                },
        "crossFlow":[
        
        ],
        "crossCheck":{
        
        },
        "help":""
        },



        {
        "name":"relationHeadM",
        "type":"radio",
        "valdn":"required",
        "label":"आपले (प्रतीवादीच्या) कुटुंब प्रमुखाशी काय नाते आहे?",
        "flow":"data.sex=='Male'",
        "value":"",
        "items":[
        
            {"text":"डोके मुखिया ","value":"Head/Self","valdn":""},
        
            {"text":"पती","value":"Husband","valdn":""},
        
            {"text":"मुलगा","value":"Son","valdn":""},
        
            {"text":"जावाई","value":"Son-in-law","valdn":""},
        
            {"text":"नातू /नात","value":"Grandchild","valdn":""},
        
            {"text":"वडील","value":"Father","valdn":""},
        
            {"text":"सासरा","value":"Father-in-law","valdn":""},
        
            {"text":"भाउ","value":"Brother","valdn":""},
        
            {"text":"जावाई","value":"Brother-in-law","valdn":""},
        
            {"text":"पुतण्या/भाचा","value":"Nephew","valdn":""},
        
            {"text":"भिन्न नातेवाईक","value":"Other relative ","valdn":""},
        
            {"text":"दत्तक घेतलेले/संगोपन केलेले मुल/सावत्र मुल","value":"Adopted/Foster/Step-child","valdn":""},
        
            {"text":"घरगुती नौकर","value":"Domestic servant","valdn":""},
        
            {"text":"भिन्न परंतु सबंध नसलेले नातेवाईक","value":"Other not related","valdn":""},
        
            {"text":"माहीती नाही","value":"Don't know","valdn":""}
        
        ],
        "image":"",
        "lookup":{
        
        },
        "metadata":{
                
                },
        "crossFlow":[
        
        ],
        "crossCheck":{
        
        },
        "help":""
        },



        {
        "name":"age",
        "type":"select_text",
        "valdn":"between[1:100],required",
        "label":"या सदस्याचे वय किती?",
        "flow":"",
        "value":"",
        "items":[
        
            {"text":"दिवस","value":"Days","valdn":"between[1:31],required"},
        
            {"text":"महिने","value":"Months","valdn":"between[1:12],required"},
        
            {"text":"वर्षे","value":"Years","valdn":"between[1:120],required"}
        
        ],
        "image":"",
        "lookup":{
        
        },
        "metadata":{
                
                },
        "crossFlow":[
        
        ],
        "crossCheck":{
        
        },
        "help":""
        },



        {
        "name":"maritalStatus",
        "type":"radio",
        "valdn":"required",
        "label":"ह्या सदस्याची वर्तमान वैवाहिक स्थिती काय आहे ?",
        "flow":"data.age>=12 && data.age_unit=='Years'",
        "value":"",
        "items":[
        
            {"text":"लग्न झालेला","value":"Currently Married ","valdn":""},
        
            {"text":"लग्न झाले परंतु अल्पवयीन असल्याने सासरी नांदायल न आलेली","value":"Married, but Guana not performed","valdn":""},
        
            {"text":"विधवा","value":"Widowed","valdn":""},
        
            {"text":"घटस्फोटित","value":"Divorced","valdn":""},
        
            {"text":"अलग झालेला","value":"Separated","valdn":""},
        
            {"text":"विभक्त","value":"Deserted","valdn":""},
        
            {"text":"कधीच लग्न झाले नाही","value":"Never Married","valdn":""},
        
            {"text":"माहीत नाही","value":"Don't know","valdn":""}
        
        ],
        "image":"",
        "lookup":{
        
        },
        "metadata":{
                
                },
        "crossFlow":[
        
        ],
        "crossCheck":{
        
        },
        "help":""
        },



        {
        "name":"schoolingLevel",
        "type":"radio",
        "valdn":"required",
        "label":"या सदस्याचे सर्वोच्च पातळीचे शिक्षण कुठेपर्यंत झाले आहे?",
        "flow":"data.age >= 5",
        "value":"",
        "items":[
        
            {"text":"1 वर्षा खालील","value":"Less than 1 year","valdn":""},
        
            {"text":"पूर्ण कलेल्या  शैक्षणिक वर्गाची नोंद करा ","value":"Highest standard completed","valdn":""}
        
        ],
        "image":"",
        "lookup":{
        
        },
        "metadata":{
                
                },
        "crossFlow":[
        
        ],
        "crossCheck":{
        
        },
        "help":""
        },



        {
        "name":"standard",
        "type":"text",
        "valdn":"between[1:50],required",
        "label":"पूर्ण कलेल्या  शैक्षणिक वर्गाची नोंद करा ",
        "flow":"data.schoolingLevel=='Highest standard completed'",
        "value":"",
        "items":[
        
        ],
        "image":"",
        "lookup":{
        
        },
        "metadata":{
                
                },
        "crossFlow":[
        
        ],
        "crossCheck":{
        
        },
        "help":""
        },



        {
        "name":"aadharCard",
        "type":"radio",
        "valdn":"required",
        "label":"या सदस्याकडे आधार कार्ड आहे का ?",
        "flow":"",
        "value":"",
        "items":[
        
            {"text":"होय","value":"Yes","valdn":""},
        
            {"text":"नाही","value":"No","valdn":""}
        
        ],
        "image":"",
        "lookup":{
        
        },
        "metadata":{
                
                },
        "crossFlow":[
        
        ],
        "crossCheck":{
        
        },
        "help":""
        }



]
}