{
"schemaName":"enum.householdDetail.commonQs",
"onSave":"enum.householdDetail.death",
"condition":"",
"success":"",
"fail":"",
"crossEntity":"",
"properties":[


        {
        "name":"datastore",
        "type":"hidden",
        "valdn":"",
        "label":"",
        "flow":"",
        "value":"commonQs",
        "items":[
        
        ],
        "image":"",
        "lookup":{
        
        },
        "metadata":{
                
                },
        "crossFlow":[
        
        ],
        "crossCheck":{
        
        },
        "help":""
        },



        {
        "name":"householdId",
        "type":"hidden",
        "valdn":"",
        "label":"",
        "flow":"",
        "value":"$stateParams.householdId",
        "items":[
        
        ],
        "image":"",
        "lookup":{
        
        },
        "metadata":{
                
                },
        "crossFlow":[
        
        ],
        "crossCheck":{
        
        },
        "help":""
        },



        {
        "name":"rooms",
        "type":"text",
        "valdn":"between[0:95],required",
        "label":"घरात किती खोल्या आहेत ? (बाथरूम वगळता)",
        "flow":"",
        "value":"",
        "items":[
        
        ],
        "image":"",
        "lookup":{
        
        },
        "metadata":{
                
                },
        "crossFlow":[
        
        ],
        "crossCheck":{
        
        },
        "help":""
        },



        {
        "name":"kitchen",
        "type":"radio",
        "valdn":"required",
        "label":"आपल्याकडे एक वेगळी खोली स्वयंपाक घर म्हणून वापरली जाते का?",
        "flow":"",
        "value":"",
        "items":[
        
            {"text":"होय","value":"Yes","valdn":""},
        
            {"text":"नाही","value":"No","valdn":""},
        
            {"text":"माहीती नाही","value":"Don't know","valdn":""}
        
        ],
        "image":"",
        "lookup":{
        
        },
        "metadata":{
                
                },
        "crossFlow":[
        
        ],
        "crossCheck":{
        
        },
        "help":""
        },



        {
        "name":"householdItems",
        "type":"checkbox",
        "valdn":"required",
        "label":"खालीलपैकी आपल्या घरात काय आहे:",
        "flow":"",
        "value":"",
        "items":[
        
            {"text":"विज?","value":"1","valdn":""},
        
            {"text":"चटई ?","value":"2","valdn":""},
        
            {"text":"प्रेशर कुकर ?","value":"3","valdn":""},
        
            {"text":"खुर्ची ?","value":"4","valdn":""},
        
            {"text":"पलंग ?","value":"5","valdn":""},
        
            {"text":"मेज ?","value":"6","valdn":""},
        
            {"text":"विजेचा पंखा ?","value":"7","valdn":""},
        
            {"text":"रेडिओ","value":"8","valdn":""},
        
            {"text":"क़ष्णधवल दुरचि़त्रवाणी संच","value":"9","valdn":""},
        
            {"text":"रंगीत दुरचित्रवाणी","value":"10","valdn":""},
        
            {"text":"शिलाई यंत्र","value":"11","valdn":""},
        
            {"text":"भ्रमण ध्वनी","value":"12","valdn":""},
        
            {"text":"दुरभाष संच","value":"13","valdn":""},
        
            {"text":"इ्रटरनेट","value":"14","valdn":""},
        
            {"text":"संगणक","value":"15","valdn":""},
        
            {"text":"रेफ्रिजेरेटर","value":"16","valdn":""},
        
            {"text":"वातानाकुलीत यंत्र","value":"17","valdn":""},
        
            {"text":"कपडे धुन्याचे यंत्र","value":"18","valdn":""},
        
            {"text":"घड्याळ","value":"19","valdn":""},
        
            {"text":"साइकल","value":"20","valdn":""},
        
            {"text":"मोटारसायकल / स्कुटर","value":"21","valdn":""},
        
            {"text":"बैलगाडी","value":"22","valdn":""},
        
            {"text":"कार","value":"23","valdn":""},
        
            {"text":"वाटरपंप","value":"24","valdn":""},
        
            {"text":"मळणीचे यंत्र","value":"25","valdn":""},
        
            {"text":"ट्रॅक्टर","value":"26","valdn":""}
        
        ],
        "image":"",
        "lookup":{
        
        },
        "metadata":{
                
                },
        "crossFlow":[
        
        ],
        "crossCheck":{
        
        },
        "help":""
        },



        {
        "name":"toiletType",
        "type":"radio",
        "valdn":"required",
        "label":"कोणत्या प्रकारची शौचालय सुविधा कुटुंबातील सदस्य सहसा वापरतात?",
        "flow":"",
        "value":"",
        "items":[
        
            {"text":"गटारीतऊन  टंकित  फलश ","value":"Flush to piped sewer system","valdn":""},
        
            {"text":"सेफटीटॅंक फलश","value":"Flush to septic tank","valdn":""},
        
            {"text":" शौचकुपाच्या खडयात फलश","value":"Flush to pit latrine","valdn":""},
        
            {"text":"इतर ठिकाणी फलश","value":"Flush to somewhere else","valdn":""},
        
            {"text":"फलश परंतु कुठे हे माहीती नाही","value":"Flush , Don’t know where","valdn":""},
        
            {"text":"सुधारीत हवेशीर प्रणाली","value":"Ventilated improved system","valdn":""},
        
            {"text":"स्लॅबचा शौचालय","value":"Pit Latrine with slab","valdn":""},
        
            {"text":"बिना स्लॅबचा शौचालय","value":"Pit Latrine without slab/open pit","valdn":""},
        
            {"text":"दुहेरी खडा किंवा कंपोझाीट खातासाती शौचालय","value":"Twin Pit/composting toilet ","valdn":""},
        
            {"text":"कोरडा शौचालय","value":"Dry toilet ","valdn":""},
        
            {"text":"सुविधा नाही / मोकळया जागेचा वापर ","value":"No Facility /uses open space or field ","valdn":""},
        
            {"text":"ईतर","value":"Other","valdn":""}
        
        ],
        "image":"",
        "lookup":{
        
        },
        "metadata":{
                
                },
        "crossFlow":[
        
        ],
        "crossCheck":{
        
        },
        "help":""
        },



        {
        "name":"toiletTypeSpecify",
        "type":"text",
        "valdn":"required",
        "label":"कुटुंबातील सदस्य वापरत असलेली शौचालय सुविधा स्पष्ट करा.",
        "flow":"data.toiletType=='Other'",
        "value":"",
        "items":[
        
        ],
        "image":"",
        "lookup":{
        
        },
        "metadata":{
                
                },
        "crossFlow":[
        
        ],
        "crossCheck":{
        
        },
        "help":""
        },



        {
        "name":"cookingEnergy",
        "type":"radio",
        "valdn":"required",
        "label":"कुटुंबातील सदस्य स्वयंपाकासाठी कोणत्या प्रकारचे इंधन वापरतात?",
        "flow":"",
        "value":"",
        "items":[
        
            {"text":"विज","value":"Electricity","valdn":""},
        
            {"text":"एलपीजी / नैसर्गीक वायू ","value":"LPG/Natural gas","valdn":""},
        
            {"text":"जैविक वायू","value":"Biogas","valdn":""},
        
            {"text":"केरोसीन","value":"Kerosene","valdn":""},
        
            {"text":"दगडी कोळसा","value":"Coal/Lignite","valdn":""},
        
            {"text":"लोणारी कोळसा","value":"Charcoal","valdn":""},
        
            {"text":"लाकूड","value":"Wood","valdn":""},
        
            {"text":"वाळलेला पेंठा / झुडूपे / गवत","value":"Straw/Shrubs/Grass","valdn":""},
        
            {"text":" शेतीतील पिकांचा कचरा ","value":"Agricultural crop waste","valdn":""},
        
            {"text":" शेण गौऱ्या ","value":"Dung cakes","valdn":""},
        
            {"text":"घरात स्वयंपाक करीत नाहीत","value":"No food cooked in household","valdn":""},
        
            {"text":"इतर","value":"Other","valdn":""}
        
        ],
        "image":"",
        "lookup":{
        
        },
        "metadata":{
                
                },
        "crossFlow":[
        
        ],
        "crossCheck":{
        
        },
        "help":""
        },



        {
        "name":"cookingEnergySpecify",
        "type":"text",
        "valdn":"required",
        "label":"वापरात असलेले इंधन निर्देशित करा.",
        "flow":"data.cookingEnergy=='Other'",
        "value":"",
        "items":[
        
        ],
        "image":"",
        "lookup":{
        
        },
        "metadata":{
                
                },
        "crossFlow":[
        
        ],
        "crossCheck":{
        
        },
        "help":""
        },



        {
        "name":"houseType",
        "type":"radio",
        "valdn":"required",
        "label":"घराचा प्रकार (निरीक्षणानंतर)?",
        "flow":"",
        "value":"",
        "items":[
        
            {"text":"पक्का","value":"Pakka","valdn":""},
        
            {"text":"अर्ध पक्का","value":"Semi pakka","valdn":""},
        
            {"text":"कच्चा","value":"Kaccha","valdn":""}
        
        ],
        "image":"",
        "lookup":{
        
        },
        "metadata":{
                
                },
        "crossFlow":[
        
        ],
        "crossCheck":{
        
        },
        "help":""
        },



        {
        "name":"drinkingWater",
        "type":"radio",
        "valdn":"required",
        "label":"आपल्या घरातील सदस्यांसाठी पिण्याच्या पाण्याचे मुख्य स्त्रोत कोणते ?",
        "flow":"",
        "value":"",
        "items":[
        
            {"text":"घरामध्ये पाईप","value":"Piped into dwelling ","valdn":""},
        
            {"text":"आवारामध्ये किंवा प्लाॅटमध्ये पाईप","value":"Piped to Yard/Plot","valdn":""},
        
            {"text":"सार्वजनीक नळ","value":"Public tab/standpipe","valdn":""},
        
            {"text":"हातपंप किंवा  बोरेवेल्ल","value":"Tube well or borehole","valdn":""},
        
            {"text":"संरक्षित विहीर","value":"Protected well","valdn":""},
        
            {"text":"असंरक्षित विहीर","value":"Unprotected well","valdn":""},
        
            {"text":"सुरक्षीत छोटी  झर्ण्याचे ","value":"Protected spring","valdn":""},
        
            {"text":"असुरक्षीत छोटी विहीर","value":"Unprotected spring","valdn":""},
        
            {"text":"पावसाचे पाणी","value":"Rain water","valdn":""},
        
            {"text":"टॅंकर ","value":"Tanker trunk","valdn":""},
        
            {"text":"बैलगाडी वर पाण्याची टाकी","value":"Cart with small tank","valdn":""},
        
            {"text":"भुतलावरील पाणी नदी, धरण,तड  तलाव, नाला, कालवा","value":"Surface water","valdn":""},
        
            {"text":"बाटलीबंद पाणी","value":"Bottled water","valdn":""},
        
            {"text":"इतर","value":"Other","valdn":""}
        
        ],
        "image":"",
        "lookup":{
        
        },
        "metadata":{
                
                },
        "crossFlow":[
        
        ],
        "crossCheck":{
        
        },
        "help":""
        },



        {
        "name":"drinkingWaterSpecify",
        "type":"text",
        "valdn":"required",
        "label":"कोणत्या प्रकारचे पाणी पिण्यासाठी वापरता हे निर्देशित करा . ",
        "flow":"data.drinkingWater=='Other'",
        "value":"",
        "items":[
        
        ],
        "image":"",
        "lookup":{
        
        },
        "metadata":{
                
                },
        "crossFlow":[
        
        ],
        "crossCheck":{
        
        },
        "help":""
        },



        {
        "name":"animal",
        "type":"checkbox",
        "valdn":"required",
        "label":"तुमच्या घरात पाळीव प्राणी आहेत का ",
        "flow":"",
        "value":"",
        "items":[
        
            {"text":"गाई / बैल / म्हैस / ","value":"Cows/Bulls/Buffaloes","valdn":""},
        
            {"text":"उंट ","value":"Camels","valdn":""},
        
            {"text":"घोडा /गाढव /खेचर ","value":"Horses/Donkeys/Mules","valdn":""},
        
            {"text":"बकरी ","value":"Goats","valdn":""},
        
            {"text":"मेंढी","value":"Sheep","valdn":""},
        
            {"text":"कोंबडी / बदक ","value":"Chickens/Ducks","valdn":""},
        
            {"text":" काही नाही","value":"Nothing","valdn":""}
        
        ],
        "image":"",
        "lookup":{
        
        },
        "metadata":{
                
                },
        "crossFlow":[
        
        ],
        "crossCheck":{
        
        },
        "help":""
        },



        {
        "name":"animalNight",
        "type":"radio",
        "valdn":"required",
        "label":"तुम्ही त्यांना कोठे ठेवता ",
        "flow":"data.animal!='Nothing'",
        "value":"",
        "items":[
        
            {"text":"घरामध्ये इतर व्यक्तीं सोबत ","value":"In the house along with household members","valdn":""},
        
            {"text":"घरामध्ये पण इतर व्यक्तीं च्या शिवाय ","value":"In the house but separated from household members","valdn":""},
        
            {"text":"घराबाहेर ","value":"Outside the house","valdn":""},
        
            {"text":"लागू नाही","value":"Not applicable","valdn":""}
        
        ],
        "image":"",
        "lookup":{
        
        },
        "metadata":{
                
                },
        "crossFlow":[
        
        ],
        "crossCheck":{
        
        },
        "help":""
        }



]
}