{
"schemaName":"enum.eslDetail.chestPain",
"onSave":"",
"condition":"",
"success":"",
"fail":"",
"crossEntity":"",
"properties":[


        {
        "name":"datastore",
        "type":"hidden",
        "valdn":"",
        "label":"",
        "flow":"",
        "value":"chestPain",
        "items":[
        
        ],
        "image":"",
        "lookup":{
        
        },
        "metadata":{
                
                },
        "crossFlow":[
        
        ],
        "crossCheck":{
        
        },
        "help":""
        },



        {
        "name":"deathId",
        "type":"hidden",
        "valdn":"",
        "label":"",
        "flow":"",
        "value":"$stateParams.deathId",
        "items":[
        
        ],
        "image":"",
        "lookup":{
        
        },
        "metadata":{
                
                },
        "crossFlow":[
        
        ],
        "crossCheck":{
        
        },
        "help":""
        },



        {
        "name":"starttime",
        "type":"hidden",
        "valdn":"",
        "label":"",
        "flow":"",
        "value":"timestamp",
        "items":[
        
        ],
        "image":"",
        "lookup":{
        
        },
        "metadata":{
                
                },
        "crossFlow":[
        
        ],
        "crossCheck":{
        
        },
        "help":""
        },



        {
        "name":"",
        "type":"heading",
        "valdn":"",
        "label":"छातीत दुखणे ",
        "flow":"",
        "value":"",
        "items":[
        
        ],
        "image":"",
        "lookup":{
        
        },
        "metadata":{
                
                },
        "crossFlow":[
        
        {"entity":"death","field":"age_value","ref":"deathId","condition":"age_value>=5","whereCondition":""}
        
        ],
        "crossCheck":{
        
        },
        "help":""
        },



        {
        "name":"chestPain",
        "type":"radio",
        "valdn":"required",
        "label":"त्याला/तिला (नाव) मृत्युच्या १ महिन्याआधी छातीत दुखले होते का?",
        "flow":"",
        "value":"",
        "items":[
        
            {"text":"होय","value":"Yes","valdn":""},
        
            {"text":"नाही","value":"No","valdn":""},
        
            {"text":"माहीती नाही","value":"Don't know","valdn":""}
        
        ],
        "image":"",
        "lookup":{
        
        },
        "metadata":{
                
                },
        "crossFlow":[
        
        {"entity":"death","field":"age_value","ref":"deathId","condition":"age_value>=5","whereCondition":""}
        
        ],
        "crossCheck":{
        
        },
        "help":""
        },



        {
        "name":"durationChestPain",
        "type":"radio",
        "valdn":"required",
        "label":"छातीचे दुखणे सरासरी किती उशीर टिकत होते ?",
        "flow":"data.chestPain=='Yes'",
        "value":"",
        "items":[
        
            {"text":"30 मिनीट पेक्षा कमी","value":"Less than 30 minutes","valdn":""},
        
            {"text":"30 मिनीट -24 तास ","value":"30 minutes - 24 hours","valdn":""},
        
            {"text":"24 तासा पेक्षा जास्त","value":"Greater than 24 hours","valdn":""},
        
            {"text":"माहिती नाही","value":"Don't know ","valdn":""}
        
        ],
        "image":"",
        "lookup":{
        
        },
        "metadata":{
                
                },
        "crossFlow":[
        
        {"entity":"death","field":"age_value","ref":"deathId","condition":"age_value>=5","whereCondition":""}
        
        ],
        "crossCheck":{
        
            "entity":"death",
            "field":"age_value",
            "ref":"deathId",
            "condition":"between[1:{value}],required"
        
        },
        "help":""
        },



        {
        "name":"phyActivity",
        "type":"radio",
        "valdn":"required",
        "label":"छातीचे दुखणे शारीरिक हालचालीनंतर होत होते का?",
        "flow":"data.chestPain=='Yes'",
        "value":"",
        "items":[
        
            {"text":"होय","value":"Yes","valdn":""},
        
            {"text":"नाही","value":"No","valdn":""},
        
            {"text":"माहीती नाही","value":"Don't know","valdn":""}
        
        ],
        "image":"",
        "lookup":{
        
        },
        "metadata":{
                
                },
        "crossFlow":[
        
        {"entity":"death","field":"age_value","ref":"deathId","condition":"age_value>=5","whereCondition":""}
        
        ],
        "crossCheck":{
        
        },
        "help":""
        },



        {
        "name":"painLocated",
        "type":"radio",
        "valdn":"required",
        "label":"छातीचे दुखणे कधी भयंकर होत होते ?",
        "flow":"data.chestPain=='Yes'",
        "value":"",
        "items":[
        
            {"text":"छातीचा वरचा किंवा मधला भाग","value":"Upper or middle chest","valdn":""},
        
            {"text":"छातीचा खालचा भाग","value":"Lower chest","valdn":""},
        
            {"text":"डावा हात","value":"Left arm","valdn":""},
        
            {"text":"इतर","value":"Other","valdn":""},
        
            {"text":"माहिती नाही","value":"Don't know ","valdn":""}
        
        ],
        "image":"",
        "lookup":{
        
        },
        "metadata":{
                
                },
        "crossFlow":[
        
        {"entity":"death","field":"age_value","ref":"deathId","condition":"age_value>=5","whereCondition":""}
        
        ],
        "crossCheck":{
        
        },
        "help":""
        },



        {
        "name":"otherPainLocated",
        "type":"text",
        "valdn":"required",
        "label":"दुखण्याची जागा स्पष्ट करा.",
        "flow":"data.chestPain=='Yes' && data.painLocated=='Other'",
        "value":"",
        "items":[
        
        ],
        "image":"",
        "lookup":{
        
        },
        "metadata":{
                
                },
        "crossFlow":[
        
        {"entity":"death","field":"age_value","ref":"deathId","condition":"age_value>=5","whereCondition":""}
        
        ],
        "crossCheck":{
        
        },
        "help":""
        },



        {
        "name":"chestpainWith",
        "type":"checkbox",
        "valdn":"required",
        "label":"छातीच्या दुखण्या सोबत पुढील कोणता आजार होता का ? ",
        "flow":"data.chestPain=='Yes'",
        "value":"",
        "items":[
        
            {"text":"श्वसनाचे आजार ","value":"Shortness of breath","valdn":""},
        
            {"text":"उलटी येणे ","value":"Vomiting ","valdn":""},
        
            {"text":"चिंताग्रस्त ","value":"Anxiousness","valdn":""},
        
            {"text":"डाव्या हातावरील किर्नोस्तारी दुखणे ","value":"Pain radiating to left arm","valdn":""},
        
            {"text":"दरदरून घाम फुटणे ","value":"Sweating ","valdn":""}
        
        ],
        "image":"",
        "lookup":{
        
        },
        "metadata":{
                
                },
        "crossFlow":[
        
        {"entity":"death","field":"age_value","ref":"deathId","condition":"age_value>=5","whereCondition":""}
        
        ],
        "crossCheck":{
        
        },
        "help":""
        }



]
}