{
"schemaName":"enum.eslDetail.fever",
"onSave":"",
"condition":"",
"success":"",
"fail":"",
"crossEntity":"",
"properties":[


        {
        "name":"datastore",
        "type":"hidden",
        "valdn":"",
        "label":"",
        "flow":"",
        "value":"fever",
        "items":[
        
        ],
        "image":"",
        "lookup":{
        
        },
        "metadata":{
                
                },
        "crossFlow":[
        
        ],
        "crossCheck":{
        
        },
        "help":""
        },



        {
        "name":"deathId",
        "type":"hidden",
        "valdn":"",
        "label":"",
        "flow":"",
        "value":"$stateParams.deathId",
        "items":[
        
        ],
        "image":"",
        "lookup":{
        
        },
        "metadata":{
                
                },
        "crossFlow":[
        
        ],
        "crossCheck":{
        
        },
        "help":""
        },



        {
        "name":"starttime",
        "type":"hidden",
        "valdn":"",
        "label":"",
        "flow":"",
        "value":"timestamp",
        "items":[
        
        ],
        "image":"",
        "lookup":{
        
        },
        "metadata":{
                
                },
        "crossFlow":[
        
        ],
        "crossCheck":{
        
        },
        "help":""
        },



        {
        "name":"",
        "type":"heading",
        "valdn":"",
        "label":"ताप ",
        "flow":"",
        "value":"",
        "items":[
        
        ],
        "image":"",
        "lookup":{
        
        },
        "metadata":{
                
                },
        "crossFlow":[
        
        ],
        "crossCheck":{
        
        },
        "help":""
        },



        {
        "name":"fever",
        "type":"radio",
        "valdn":"required",
        "label":"त्याला/तिला ( नाव)ताप आला होता का?",
        "flow":"",
        "value":"",
        "items":[
        
            {"text":"होय","value":"Yes","valdn":""},
        
            {"text":"नाही","value":"No","valdn":""},
        
            {"text":"माहीती नाही","value":"Don't know","valdn":""}
        
        ],
        "image":"",
        "lookup":{
        
        },
        "metadata":{
                
                },
        "crossFlow":[
        
        ],
        "crossCheck":{
        
        },
        "help":""
        },



        {
        "name":"last",
        "type":"text",
        "valdn":"between[0:28],required",
        "label":"ताप किती वेळ राहिला? (दिवस)",
        "flow":"data.fever=='Yes'",
        "value":"",
        "items":[
        
        ],
        "image":"",
        "lookup":{
        
        },
        "metadata":{
                
                },
        "crossFlow":[
        
        {"entity":"death","field":"age_value","ref":"deathId","condition":"age_value>=0 && age_value<0.079","whereCondition":""}
        
        ],
        "crossCheck":{
        
            "entity":"death",
            "field":"age_value",
            "ref":"deathId",
            "condition":"between[1:{value}],required"
        
        },
        "help":""
        },



        {
        "name":"last",
        "type":"select_text",
        "valdn":"required",
        "label":"ताप कधीपर्यंत होता?",
        "flow":"data.fever=='Yes'",
        "value":"",
        "items":[
        
            {"text":"दिवस","value":"Days","valdn":"between[1:31],required"},
        
            {"text":"महिने","value":"Months","valdn":"between[1:12],required"}
        
        ],
        "image":"",
        "lookup":{
        
        },
        "metadata":{
                
                },
        "crossFlow":[
        
        {"entity":"death","field":"age_value","ref":"deathId","condition":"age_value>0.077","whereCondition":""}
        
        ],
        "crossCheck":{
        
            "entity":"death",
            "field":"age_value",
            "ref":"deathId",
            "condition":"between[1:{value}],required"
        
        },
        "help":""
        },



        {
        "name":"severity",
        "type":"radio",
        "valdn":"required",
        "label":"तापाची तीव्रता कशी होती?",
        "flow":"data.fever=='Yes'",
        "value":"",
        "items":[
        
            {"text":"सौम्य","value":"Mild","valdn":""},
        
            {"text":"मध्यम","value":"Moderate","valdn":""},
        
            {"text":"तीव्र","value":"Severe","valdn":""},
        
            {"text":"माहिती नाही","value":"Don't know ","valdn":""}
        
        ],
        "image":"",
        "lookup":{
        
        },
        "metadata":{
                
                },
        "crossFlow":[
        
        ],
        "crossCheck":{
        
        },
        "help":""
        },



        {
        "name":"pattern",
        "type":"radio",
        "valdn":"required",
        "label":"तापाचा प्रकार  कसा होता?",
        "flow":"data.fever=='Yes'",
        "value":"",
        "items":[
        
            {"text":"सतत","value":"Continuous","valdn":""},
        
            {"text":"चालु आणि बंद  कधी मधी","value":"On and off","valdn":""},
        
            {"text":"फक्त रात्री","value":"Only at night","valdn":""},
        
            {"text":"माहिती नाही","value":"Don't know ","valdn":""}
        
        ],
        "image":"",
        "lookup":{
        
        },
        "metadata":{
                
                },
        "crossFlow":[
        
        ],
        "crossCheck":{
        
        },
        "help":""
        },



        {
        "name":"sweating",
        "type":"radio",
        "valdn":"required",
        "label":"त्याला/तिला (नाव) तापासोबत घाम येत होता का?",
        "flow":"data.fever=='Yes'",
        "value":"",
        "items":[
        
            {"text":"होय","value":"Yes","valdn":""},
        
            {"text":"नाही","value":"No","valdn":""},
        
            {"text":"माहीती नाही","value":"Don't know","valdn":""}
        
        ],
        "image":"",
        "lookup":{
        
        },
        "metadata":{
                
                },
        "crossFlow":[
        
        ],
        "crossCheck":{
        
        },
        "help":""
        },



        {
        "name":"tillDeath",
        "type":"radio",
        "valdn":"required",
        "label":"मृत्युपर्यंत ताप होता का?",
        "flow":"data.fever=='Yes'",
        "value":"",
        "items":[
        
            {"text":"होय","value":"Yes","valdn":""},
        
            {"text":"नाही","value":"No","valdn":""},
        
            {"text":"माहीती नाही","value":"Don't know","valdn":""}
        
        ],
        "image":"",
        "lookup":{
        
        },
        "metadata":{
                
                },
        "crossFlow":[
        
        ],
        "crossCheck":{
        
        },
        "help":""
        },



        {
        "name":"nightSweats",
        "type":"radio",
        "valdn":"required",
        "label":"त्याला/तिला (नाव) रात्री घाम येत होता का?",
        "flow":"data.fever=='Yes'",
        "value":"",
        "items":[
        
            {"text":"होय","value":"Yes","valdn":""},
        
            {"text":"नाही","value":"No","valdn":""},
        
            {"text":"माहीती नाही","value":"Don't know","valdn":""}
        
        ],
        "image":"",
        "lookup":{
        
        },
        "metadata":{
                
                },
        "crossFlow":[
        
        ],
        "crossCheck":{
        
        },
        "help":""
        },



        {
        "name":"headache",
        "type":"radio",
        "valdn":"required",
        "label":"त्याला/तिला (नाव) डोकेदुखीचा त्रास होता का?",
        "flow":"",
        "value":"",
        "items":[
        
            {"text":"होय","value":"Yes","valdn":""},
        
            {"text":"नाही","value":"No","valdn":""},
        
            {"text":"माहीती नाही","value":"Don't know","valdn":""}
        
        ],
        "image":"",
        "lookup":{
        
        },
        "metadata":{
                
                },
        "crossFlow":[
        
        {"entity":"death","field":"age_value","ref":"deathId","condition":"age_value>=1 && age_value<5","whereCondition":""}
        
        ],
        "crossCheck":{
        
        },
        "help":""
        },



        {
        "name":"feverWith",
        "type":"checkbox",
        "valdn":"required",
        "label":"ताप अजून इतर कोणत्या  लक्षणा सोबत होता का ?",
        "flow":"data.fever=='Yes'",
        "value":"",
        "items":[
        
            {"text":"थंडी वाजणे","value":"1","valdn":""},
        
            {"text":"डोकीदुखी ","value":"2","valdn":""},
        
            {"text":"त्वचेचे चटके बसने किंवा अंग गरम लागणे ","value":"3","valdn":""},
        
            {"text":"मान आकडने","value":"4","valdn":""},
        
            {"text":"चिडचिड होणे व प्रकाश न आवडणे ","value":"5","valdn":""},
        
            {"text":"गोंधळ ","value":"6","valdn":""},
        
            {"text":"तंद्री ध् झोपेची गुंगी","value":"7","valdn":""},
        
            {"text":"बेशुद्धी ध् ग्लानी ","value":"8","valdn":""},
        
            {"text":"पुरळ किंवा फोड ","value":"9","valdn":""}
        
        ],
        "image":"",
        "lookup":{
        
        },
        "metadata":{
                
                },
        "crossFlow":[
        
        {"entity":"death","field":"age_value","ref":"deathId","condition":"age_value>=15 && age_value<71","whereCondition":""}
        
        ],
        "crossCheck":{
        
        },
        "help":""
        }



]
}