{
"schemaName":"enum.householdDetail.respondent",
"onSave":"enum.householdDetail.member",
"condition":"",
"success":"",
"fail":"",
"crossEntity":"",
"properties":[


        {
        "name":"datastore",
        "type":"hidden",
        "valdn":"",
        "label":"",
        "flow":"",
        "value":"respondent",
        "items":[
        
        ],
        "image":"",
        "lookup":{
        
        },
        "metadata":{
                
                },
        "crossFlow":[
        
        ],
        "crossCheck":{
        
        },
        "help":""
        },



        {
        "name":"householdId",
        "type":"hidden",
        "valdn":"",
        "label":"",
        "flow":"",
        "value":"$stateParams.householdId",
        "items":[
        
        ],
        "image":"",
        "lookup":{
        
        },
        "metadata":{
                
                },
        "crossFlow":[
        
        ],
        "crossCheck":{
        
        },
        "help":""
        },



        {
        "name":"name",
        "type":"text",
        "valdn":"alpha,minlength[3],required",
        "label":"आपले (प्रतिवादीचे) नाव काय आहे ? ",
        "flow":"",
        "value":"",
        "items":[
        
        ],
        "image":"",
        "lookup":{
        
        },
        "metadata":{
                
                },
        "crossFlow":[
        
        ],
        "crossCheck":{
        
        },
        "help":""
        },



        {
        "name":"sex",
        "type":"radio",
        "valdn":"required",
        "label":"आपले (प्रतिवादीचे) लिंग काय आहे ? ",
        "flow":"",
        "value":"",
        "items":[
        
            {"text":"स्त्री","value":"Female","valdn":""},
        
            {"text":"पुरुष","value":"Male","valdn":""},
        
            {"text":"इतर","value":"Other","valdn":""}
        
        ],
        "image":"",
        "lookup":{
        
        },
        "metadata":{
                
                },
        "crossFlow":[
        
        ],
        "crossCheck":{
        
        },
        "help":""
        },



        {
        "name":"age",
        "type":"text",
        "valdn":"between[15:99],required",
        "label":"आपले (प्रतिवादीच्या) शेवटच्या वाढदिवसाला वय किती होते?",
        "flow":"",
        "value":"",
        "items":[
        
        ],
        "image":"",
        "lookup":{
        
        },
        "metadata":{
                
                },
        "crossFlow":[
        
        ],
        "crossCheck":{
        
        },
        "help":""
        },



        {
        "name":"relationHeadF",
        "type":"radio",
        "valdn":"required",
        "label":"आपले (प्रतीवादीच्या) कुटुंब प्रमुखाशी काय नाते आहे?",
        "flow":"data.sex=='Female'",
        "value":"",
        "items":[
        
            {"text":"डोके मुखिया ","value":"Head/Self","valdn":""},
        
            {"text":"पत्नी","value":"Wife","valdn":""},
        
            {"text":"मुलगी","value":"Daughter","valdn":""},
        
            {"text":"सुन","value":"Daughter-in-law","valdn":""},
        
            {"text":"नातू /नात","value":"Grandchild","valdn":""},
        
            {"text":"आई","value":"Mother","valdn":""},
        
            {"text":"सासू","value":"Mother-in-law","valdn":""},
        
            {"text":"बहीण","value":"Sister","valdn":""},
        
            {"text":"भावजय / वहिनी","value":"Sister-in-law","valdn":""},
        
            {"text":"पुतणी / भाची","value":"Niece","valdn":""},
        
            {"text":"इतर नातेवाईक","value":"Other relative ","valdn":""},
        
            {"text":"दत्तक घेतलेले/संगोपन केलेले मुल/साव़त्र मुल","value":"Adopted/Foster/Step-child","valdn":""},
        
            {"text":"घरगुती नौकर","value":"Domestic servant","valdn":""},
        
            {"text":"इतर सबंध नसलेले","value":"Other not related","valdn":""},
        
            {"text":"माहीत े नाही ","value":"Don't know","valdn":""}
        
        ],
        "image":"",
        "lookup":{
        
        },
        "metadata":{
                
                },
        "crossFlow":[
        
        ],
        "crossCheck":{
        
        },
        "help":""
        },



        {
        "name":"relationHeadM",
        "type":"radio",
        "valdn":"required",
        "label":"आपले (प्रतीवादीच्या) कुटुंब प्रमुखाशी काय नाते आहे?",
        "flow":"data.sex=='Male'",
        "value":"",
        "items":[
        
            {"text":"डोके मुखिया ","value":"Head/Self","valdn":""},
        
            {"text":"पती","value":"Husband","valdn":""},
        
            {"text":"मुलगा","value":"Son","valdn":""},
        
            {"text":"जावाई","value":"Son-in-law","valdn":""},
        
            {"text":"नातू /नात","value":"Grandchild","valdn":""},
        
            {"text":"वडील","value":"Father","valdn":""},
        
            {"text":"सासरा","value":"Father-in-law","valdn":""},
        
            {"text":"भाउ","value":"Brother","valdn":""},
        
            {"text":"जावाई","value":"Brother-in-law","valdn":""},
        
            {"text":"पुतण्या/भाचा","value":"Nephew","valdn":""},
        
            {"text":"भिन्न नातेवाईक","value":"Other relative ","valdn":""},
        
            {"text":"दत्तक घेतलेले/संगोपन केलेले मुल/सावत्र मुल","value":"Adopted/Foster/Step-child","valdn":""},
        
            {"text":"घरगुती नौकर","value":"Domestic servant","valdn":""},
        
            {"text":"भिन्न परंतु सबंध नसलेले नातेवाईक","value":"Other not related","valdn":""},
        
            {"text":"माहीती नाही","value":"Don't know","valdn":""}
        
        ],
        "image":"",
        "lookup":{
        
        },
        "metadata":{
                
                },
        "crossFlow":[
        
        ],
        "crossCheck":{
        
        },
        "help":""
        },



        {
        "name":"maritalStatus",
        "type":"radio",
        "valdn":"required",
        "label":"आपली (प्रतिवादीची) वर्तमान वैवाहिक स्थिती काय आहे?",
        "flow":"",
        "value":"",
        "items":[
        
            {"text":"लग्न झालेला","value":"Currently Married ","valdn":""},
        
            {"text":"लग्न झाले परंतु अल्पवयीन असल्याने सासरी नांदायल न आलेली","value":"Married, but Guana not performed","valdn":""},
        
            {"text":"विधवा","value":"Widowed","valdn":""},
        
            {"text":"घटस्फोटित","value":"Divorced","valdn":""},
        
            {"text":"अलग झालेला","value":"Separated","valdn":""},
        
            {"text":"विभक्त","value":"Deserted","valdn":""},
        
            {"text":"कधीच लग्न झाले नाही","value":"Never Married","valdn":""},
        
            {"text":"माहीत नाही","value":"Don't know","valdn":""}
        
        ],
        "image":"",
        "lookup":{
        
        },
        "metadata":{
                
                },
        "crossFlow":[
        
        ],
        "crossCheck":{
        
        },
        "help":""
        },



        {
        "name":"schoolingLevel",
        "type":"radio",
        "valdn":"required",
        "label":"आपले (प्रतिवादीचे) सर्वोच्च पातळीचे शिक्षण कुठेपर्यंत झाले आहे?",
        "flow":"",
        "value":"",
        "items":[
        
            {"text":"1 वर्षा खालील","value":"Less than 1 year","valdn":""},
        
            {"text":"पूर्ण कलेल्या  शैक्षणिक वर्गाची नोंद करा ","value":"Highest standard completed","valdn":""}
        
        ],
        "image":"",
        "lookup":{
        
        },
        "metadata":{
                
                },
        "crossFlow":[
        
        ],
        "crossCheck":{
        
        },
        "help":""
        },



        {
        "name":"standard",
        "type":"text",
        "valdn":"between[1:50],required",
        "label":"पूर्ण कलेल्या  शैक्षणिक वर्गाची नोंद करा ",
        "flow":"data.schoolingLevel=='Highest standard completed'",
        "value":"",
        "items":[
        
        ],
        "image":"",
        "lookup":{
        
        },
        "metadata":{
                
                },
        "crossFlow":[
        
        ],
        "crossCheck":{
        
        },
        "help":""
        },



        {
        "name":"aadharCard",
        "type":"radio",
        "valdn":"required",
        "label":"आपल्या (प्रतिवादी) कडे आधार कार्ड आहे का ?",
        "flow":"",
        "value":"",
        "items":[
        
            {"text":"होय","value":"Yes","valdn":""},
        
            {"text":"नाही","value":"No","valdn":""}
        
        ],
        "image":"",
        "lookup":{
        
        },
        "metadata":{
                
                },
        "crossFlow":[
        
        ],
        "crossCheck":{
        
        },
        "help":""
        },



        {
        "name":"",
        "type":"heading",
        "valdn":"",
        "label":"तंबाखू सेवन ",
        "flow":"data.age >= 15",
        "value":"",
        "items":[
        
        ],
        "image":"",
        "lookup":{
        
        },
        "metadata":{
                
                },
        "crossFlow":[
        
        ],
        "crossCheck":{
        
        },
        "help":""
        },



        {
        "name":"smokeCigarettes",
        "type":"radio",
        "valdn":"required",
        "label":"तुम्ही सध्या सिगारेट ओढत आहात का ?",
        "flow":"data.age >= 15",
        "value":"",
        "items":[
        
            {"text":"होय","value":"Yes","valdn":""},
        
            {"text":"नाही","value":"No","valdn":""}
        
        ],
        "image":"",
        "lookup":{
        
        },
        "metadata":{
                
                },
        "crossFlow":[
        
        ],
        "crossCheck":{
        
        },
        "help":""
        },



        {
        "name":"noCigarettes24Hrs",
        "type":"text",
        "valdn":"between[0:99],required",
        "label":"मागील २४ तासात तुम्ही किती सिगारेट ओढल्या ?",
        "flow":"data.age >= 15 && data.smokeCigarettes=='Yes'",
        "value":"",
        "items":[
        
        ],
        "image":"",
        "lookup":{
        
        },
        "metadata":{
                
                },
        "crossFlow":[
        
        ],
        "crossCheck":{
        
        },
        "help":""
        },



        {
        "name":"smokeBidis",
        "type":"radio",
        "valdn":"required",
        "label":"तुम्ही सध्या बिडी ओढत आहात का ?",
        "flow":"data.age >= 15",
        "value":"",
        "items":[
        
            {"text":"होय","value":"Yes","valdn":""},
        
            {"text":"नाही","value":"No","valdn":""}
        
        ],
        "image":"",
        "lookup":{
        
        },
        "metadata":{
                
                },
        "crossFlow":[
        
        ],
        "crossCheck":{
        
        },
        "help":""
        },



        {
        "name":"noBidis24Hrs",
        "type":"text",
        "valdn":"between[0:99],required",
        "label":"मागील २४ तासात तुम्ही किती बिडी ओढल्या आहेत ?",
        "flow":"data.age >= 15 && data.smokeBidis=='Yes'",
        "value":"",
        "items":[
        
        ],
        "image":"",
        "lookup":{
        
        },
        "metadata":{
                
                },
        "crossFlow":[
        
        ],
        "crossCheck":{
        
        },
        "help":""
        },



        {
        "name":"otherTobacco",
        "type":"radio",
        "valdn":"required",
        "label":"तुम्ही सध्या धुम्रपान करत आहात का ? किंवा इतर तंबाखू जन्य पदार्थ वापरत आहात का ?",
        "flow":"data.age >= 15",
        "value":"",
        "items":[
        
            {"text":"होय","value":"Yes","valdn":""},
        
            {"text":"नाही","value":"No","valdn":""}
        
        ],
        "image":"",
        "lookup":{
        
        },
        "metadata":{
                
                },
        "crossFlow":[
        
        ],
        "crossCheck":{
        
        },
        "help":""
        },



        {
        "name":"listOtherTobacco",
        "type":"checkbox",
        "valdn":"required",
        "label":"तुम्ही अन्य कोणत्या प्रकारे  धुम्रपान किंवा इतर तंबाखू जन्य पदार्थाचा वापर  करत आहात ?",
        "flow":"data.age >= 15 && data.otherTobacco=='Yes'",
        "value":"",
        "items":[
        
            {"text":"चिरूट","value":"Cigar","valdn":""},
        
            {"text":"नळी ","value":"Pipe","valdn":""},
        
            {"text":"हूकः ","value":"Hookah","valdn":""},
        
            {"text":"गुटखा ध् पानमसाला तंबाखू सोबत ","value":"Gutkha/Paan Masala with tobacco","valdn":""},
        
            {"text":"खैनी ","value":"Khaini ","valdn":""},
        
            {"text":"पानासोबत तंबाखू ","value":"Paan with tobacco","valdn":""},
        
            {"text":"इतर तंबाखू जन्य पदार्थ ","value":"Other chewing tobacco ","valdn":""},
        
            {"text":"तपकीर ","value":"Snuff","valdn":""},
        
            {"text":"इतर","value":"Other ","valdn":""}
        
        ],
        "image":"",
        "lookup":{
        
        },
        "metadata":{
                
                },
        "crossFlow":[
        
        ],
        "crossCheck":{
        
        },
        "help":""
        },



        {
        "name":"typeOtherTobacco",
        "type":"text",
        "valdn":"required",
        "label":"तंबाखू जन्य पदार्थाचा प्रकार स्पष्ट करा ",
        "flow":"data.age >= 15 && data.listOtherTobacco=='Other'",
        "value":"",
        "items":[
        
        ],
        "image":"",
        "lookup":{
        
        },
        "metadata":{
                
                },
        "crossFlow":[
        
        ],
        "crossCheck":{
        
        },
        "help":""
        },



        {
        "name":"alcohol",
        "type":"radio",
        "valdn":"required",
        "label":"तुम्ही मद्यपान करता का ?",
        "flow":"data.age >= 15",
        "value":"",
        "items":[
        
            {"text":"होय","value":"Yes","valdn":""},
        
            {"text":"नाही","value":"No","valdn":""}
        
        ],
        "image":"",
        "lookup":{
        
        },
        "metadata":{
                
                },
        "crossFlow":[
        
        ],
        "crossCheck":{
        
        },
        "help":""
        },



        {
        "name":"freqAlcoholIntake",
        "type":"radio",
        "valdn":"required",
        "label":"तुम्ही कितीवेळा मद्यपान करता: दररोज , आठवड्यातून एकदा , आठवड्यातून एकपेक्षा ही कमीवेळा ?",
        "flow":"data.age >= 15 && data.alcohol=='Yes'",
        "value":"",
        "items":[
        
            {"text":"दररोज ","value":"Almost every day","valdn":""},
        
            {"text":"आठवड्यातून एकदा ","value":"About once a week","valdn":""},
        
            {"text":"आठवड्यातून एकदा पेक्षा  ही कमी वेळा ","value":"Less than once a week","valdn":""}
        
        ],
        "image":"",
        "lookup":{
        
        },
        "metadata":{
                
                },
        "crossFlow":[
        
        ],
        "crossCheck":{
        
        },
        "help":""
        },



        {
        "name":"typeAlcohol",
        "type":"radio",
        "valdn":"required",
        "label":"तुम्ही मद्याचा कोणता प्रकार पिण्यासाठी वापरता ?",
        "flow":"data.age >= 15 && data.alcohol=='Yes'",
        "value":"",
        "items":[
        
            {"text":"ताडी.माडी","value":"Tadi Madi","valdn":""},
        
            {"text":"देशी दारू ","value":"Country liquor ","valdn":""},
        
            {"text":"बिअर ","value":"Beer","valdn":""},
        
            {"text":"फळांपासून तयार केलेली दारू ","value":"Wine","valdn":""},
        
            {"text":"कोरी दारू ","value":"Hard liquor ","valdn":""},
        
            {"text":"इतर","value":"Other","valdn":""}
        
        ],
        "image":"",
        "lookup":{
        
        },
        "metadata":{
                
                },
        "crossFlow":[
        
        ],
        "crossCheck":{
        
        },
        "help":""
        },



        {
        "name":"typeOtherAlcohol",
        "type":"text",
        "valdn":"required",
        "label":"मद्याचा प्रकार स्पष्ट करा ",
        "flow":"data.age >= 15 && data.typeAlcohol=='Other'",
        "value":"",
        "items":[
        
        ],
        "image":"",
        "lookup":{
        
        },
        "metadata":{
                
                },
        "crossFlow":[
        
        ],
        "crossCheck":{
        
        },
        "help":""
        },



        {
        "name":"pureVegStatus",
        "type":"radio",
        "valdn":"required",
        "label":"तुम्ही शुध्द शाकाहारी आहात का ?",
        "flow":"data.age >= 15",
        "value":"",
        "items":[
        
            {"text":"निश्चित होकार ","value":"Definite Yes","valdn":""},
        
            {"text":"निश्चित नकार ","value":"Definite No","valdn":""},
        
            {"text":"अज्ञात","value":"Unknown","valdn":""}
        
        ],
        "image":"",
        "lookup":{
        
        },
        "metadata":{
                
                },
        "crossFlow":[
        
        ],
        "crossCheck":{
        
        },
        "help":""
        },



        {
        "name":"freqFoodHabit",
        "type":"radio",
        "valdn":"required",
        "label":"तुम्ही किती वेळा अंडी , मासे व मटन खाता दररोज , आठवड्याला , कधीतरी , कधीच नाही ? ",
        "flow":"data.pureVegStatus=='Definite No' || data.pureVegStatus=='Unknown'",
        "value":"",
        "items":[
        
            {"text":"होय दररोज ","value":"Yes daily","valdn":""},
        
            {"text":"होय आठवड्याला ","value":"Yes weekly","valdn":""},
        
            {"text":"होय कधीतरी किंवा अजिबात नाही ","value":"Yes occasionally or never","valdn":""}
        
        ],
        "image":"",
        "lookup":{
        
        },
        "metadata":{
                
                },
        "crossFlow":[
        
        ],
        "crossCheck":{
        
        },
        "help":""
        }



]
}