{
"schemaName":"enum.eslDetail.consciousness",
"onSave":"",
"condition":"",
"success":"",
"fail":"",
"crossEntity":"",
"properties":[


        {
        "name":"datastore",
        "type":"hidden",
        "valdn":"",
        "label":"",
        "flow":"",
        "value":"consciousness",
        "items":[
        
        ],
        "image":"",
        "lookup":{
        
        },
        "metadata":{
                
                },
        "crossFlow":[
        
        ],
        "crossCheck":{
        
        },
        "help":""
        },



        {
        "name":"deathId",
        "type":"hidden",
        "valdn":"",
        "label":"",
        "flow":"",
        "value":"$stateParams.deathId",
        "items":[
        
        ],
        "image":"",
        "lookup":{
        
        },
        "metadata":{
                
                },
        "crossFlow":[
        
        ],
        "crossCheck":{
        
        },
        "help":""
        },



        {
        "name":"starttime",
        "type":"hidden",
        "valdn":"",
        "label":"",
        "flow":"",
        "value":"timestamp",
        "items":[
        
        ],
        "image":"",
        "lookup":{
        
        },
        "metadata":{
                
                },
        "crossFlow":[
        
        ],
        "crossCheck":{
        
        },
        "help":""
        },



        {
        "name":"",
        "type":"heading",
        "valdn":"",
        "label":"शुद्धी/ देहभान ",
        "flow":"",
        "value":"",
        "items":[
        
        ],
        "image":"",
        "lookup":{
        
        },
        "metadata":{
                
                },
        "crossFlow":[
        
        ],
        "crossCheck":{
        
        },
        "help":""
        },



        {
        "name":"unconsciousness",
        "type":"radio",
        "valdn":"required",
        "label":"तो/ती (नाव) काही काळासाठी बेशुद्ध होती का?",
        "flow":"",
        "value":"",
        "items":[
        
            {"text":"होय","value":"Yes","valdn":""},
        
            {"text":"नाही","value":"No","valdn":""},
        
            {"text":"माहीती नाही","value":"Don't know","valdn":""}
        
        ],
        "image":"",
        "lookup":{
        
        },
        "metadata":{
                
                },
        "crossFlow":[
        
        ],
        "crossCheck":{
        
        },
        "help":""
        },



        {
        "name":"durationUnCons",
        "type":"radio",
        "valdn":"required",
        "label":"मृत्यू अगोदर किती वेळ  तो/ती बेशुद्ध होती ?",
        "flow":"data.unconsciousness=='Yes'",
        "value":"",
        "items":[
        
            {"text":"6 तासा पक्षा कमी","value":"Less than 6 hours","valdn":""},
        
            {"text":"6-23 तास","value":"6-23 hours","valdn":""},
        
            {"text":"24 तासा पेक्षा जास्त","value":"24 hours or more","valdn":""},
        
            {"text":"माहिती नाही","value":"Don't know ","valdn":""}
        
        ],
        "image":"",
        "lookup":{
        
        },
        "metadata":{
                
                },
        "crossFlow":[
        
        {"entity":"death","field":"age_value","ref":"deathId","condition":"age_value>0.077","whereCondition":""}
        
        ],
        "crossCheck":{
        
            "entity":"death",
            "field":"age_value",
            "ref":"deathId",
            "condition":"between[1:{value}],required"
        
        },
        "help":""
        },



        {
        "name":"onsetUnCon",
        "type":"radio",
        "valdn":"required",
        "label":"बेशुद्ध अवस्था अचानक आली कि हळू हळू?",
        "flow":"data.unconsciousness=='Yes'",
        "value":"",
        "items":[
        
            {"text":"अकस्मात","value":"Suddenly","valdn":""},
        
            {"text":"हळूहळू","value":"Slowly","valdn":""},
        
            {"text":"माहिती नाही","value":"Don't know ","valdn":""}
        
        ],
        "image":"",
        "lookup":{
        
        },
        "metadata":{
                
                },
        "crossFlow":[
        
        {"entity":"death","field":"age_value","ref":"deathId","condition":"age_value>0.077","whereCondition":""}
        
        ],
        "crossCheck":{
        
        },
        "help":""
        },



        {
        "name":"UnConTillDeath",
        "type":"radio",
        "valdn":"required",
        "label":"बेशुद्ध अवस्था मुर्त्युपर्यंत तशीच राहिली का?",
        "flow":"data.unconsciousness=='Yes'",
        "value":"",
        "items":[
        
            {"text":"होय","value":"Yes","valdn":""},
        
            {"text":"नाही","value":"No","valdn":""},
        
            {"text":"माहीती नाही","value":"Don't know","valdn":""}
        
        ],
        "image":"",
        "lookup":{
        
        },
        "metadata":{
                
                },
        "crossFlow":[
        
        {"entity":"death","field":"age_value","ref":"deathId","condition":"age_value>0.077","whereCondition":""}
        
        ],
        "crossCheck":{
        
        },
        "help":""
        },



        {
        "name":"convulsion",
        "type":"radio",
        "valdn":"required",
        "label":"त्याला/तिला (नाव) आकडी /फिट आली होती का?",
        "flow":"",
        "value":"",
        "items":[
        
            {"text":"होय","value":"Yes","valdn":""},
        
            {"text":"नाही","value":"No","valdn":""},
        
            {"text":"माहीती नाही","value":"Don't know","valdn":""}
        
        ],
        "image":"",
        "lookup":{
        
        },
        "metadata":{
                
                },
        "crossFlow":[
        
        ],
        "crossCheck":{
        
        },
        "help":""
        },



        {
        "name":"durationConvulsion",
        "type":"select_text",
        "valdn":"between[0:60],required",
        "label":"फीट  किती वेळ राहिली होती?",
        "flow":"data.convulsion=='Yes'",
        "value":"",
        "items":[
        
            {"text":"मिनीटे","value":"Minutes","valdn":"between[1:60],required"},
        
            {"text":"तास","value":"Hours","valdn":"between[1:24],required"}
        
        ],
        "image":"",
        "lookup":{
        
        },
        "metadata":{
                
                },
        "crossFlow":[
        
        {"entity":"death","field":"age_value","ref":"deathId","condition":"age_value>0.077","whereCondition":""}
        
        ],
        "crossCheck":{
        
            "entity":"death",
            "field":"age_value",
            "ref":"deathId",
            "condition":"between[1:{value}],required"
        
        },
        "help":""
        },



        {
        "name":"UnConConvulsion",
        "type":"radio",
        "valdn":"required",
        "label":"फीट  आल्यानंतर तो/ती (नाव) लगेचच बेशुद्ध झाली का?",
        "flow":"data.convulsion=='Yes'",
        "value":"",
        "items":[
        
            {"text":"होय","value":"Yes","valdn":""},
        
            {"text":"नाही","value":"No","valdn":""},
        
            {"text":"माहीती नाही","value":"Don't know","valdn":""}
        
        ],
        "image":"",
        "lookup":{
        
        },
        "metadata":{
                
                },
        "crossFlow":[
        
        {"entity":"death","field":"age_value","ref":"deathId","condition":"age_value>0.077","whereCondition":""}
        
        ],
        "crossCheck":{
        
        },
        "help":""
        },



        {
        "name":"memoryLoss",
        "type":"radio",
        "valdn":"required",
        "label":"मृत्यू अगोदर तीन महिने त्याला/तिला (नाव) स्मृतिभृंस झाला होता का?",
        "flow":"",
        "value":"",
        "items":[
        
            {"text":"होय","value":"Yes","valdn":""},
        
            {"text":"नाही","value":"No","valdn":""},
        
            {"text":"माहीती नाही","value":"Don't know","valdn":""}
        
        ],
        "image":"",
        "lookup":{
        
        },
        "metadata":{
                
                },
        "crossFlow":[
        
        {"entity":"death","field":"age_value","ref":"deathId","condition":"age_value>=5","whereCondition":""}
        
        ],
        "crossCheck":{
        
        },
        "help":""
        },



        {
        "name":"",
        "type":"heading",
        "valdn":"",
        "label":"डोकेदुखी ",
        "flow":"",
        "value":"",
        "items":[
        
        ],
        "image":"",
        "lookup":{
        
        },
        "metadata":{
                
                },
        "crossFlow":[
        
        {"entity":"death","field":"age_value","ref":"deathId","condition":"age_value>0.077","whereCondition":""}
        
        ],
        "crossCheck":{
        
        },
        "help":""
        },



        {
        "name":"headache",
        "type":"radio",
        "valdn":"required",
        "label":"त्याला/तिला (नाव) डोकेदुखीचा त्रास होता का?",
        "flow":"",
        "value":"",
        "items":[
        
            {"text":"होय","value":"Yes","valdn":""},
        
            {"text":"नाही","value":"No","valdn":""},
        
            {"text":"माहीती नाही","value":"Don't know","valdn":""}
        
        ],
        "image":"",
        "lookup":{
        
        },
        "metadata":{
                
                },
        "crossFlow":[
        
        {"entity":"death","field":"age_value","ref":"deathId","condition":"age_value>=0.91","whereCondition":""}
        
        ],
        "crossCheck":{
        
        },
        "help":""
        },



        {
        "name":"onsetHeadache",
        "type":"radio",
        "valdn":"required",
        "label":"डोकेदुखीची सुरुवात जलद/हळू होती ?",
        "flow":"data.headache=='Yes'",
        "value":"",
        "items":[
        
            {"text":"वेगाने","value":"Fast","valdn":""},
        
            {"text":"हळु","value":"Slow","valdn":""},
        
            {"text":"माहिती नाही","value":"Don't know ","valdn":""}
        
        ],
        "image":"",
        "lookup":{
        
        },
        "metadata":{
                
                },
        "crossFlow":[
        
        {"entity":"death","field":"age_value","ref":"deathId","condition":"age_value>=5","whereCondition":""}
        
        ],
        "crossCheck":{
        
        },
        "help":""
        },



        {
        "name":"stiffPainNeck",
        "type":"radio",
        "valdn":"required",
        "label":"त्याला/तिला मान दुखी होती का?",
        "flow":"",
        "value":"",
        "items":[
        
            {"text":"होय","value":"Yes","valdn":""},
        
            {"text":"नाही","value":"No","valdn":""},
        
            {"text":"माहीती नाही","value":"Don't know","valdn":""}
        
        ],
        "image":"",
        "lookup":{
        
        },
        "metadata":{
                
                },
        "crossFlow":[
        
        {"entity":"death","field":"age_value","ref":"deathId","condition":"age_value>0.077","whereCondition":""}
        
        ],
        "crossCheck":{
        
        },
        "help":""
        },



        {
        "name":"durationStiffPainNeck",
        "type":"select_text",
        "valdn":"required",
        "label":"मृत्यू अगोदर किती  काळ त्याला/तिला (नाव) मान दुखी होती ?",
        "flow":"data.stiffPainNeck=='Yes'",
        "value":"",
        "items":[
        
            {"text":"दिवस","value":"Days","valdn":"between[1:31],required"},
        
            {"text":"महिने","value":"Months","valdn":"between[1:12],required"},
        
            {"text":"वर्षे","value":"Years","valdn":"between[1:120],required"}
        
        ],
        "image":"",
        "lookup":{
        
        },
        "metadata":{
                
                },
        "crossFlow":[
        
        {"entity":"death","field":"age_value","ref":"deathId","condition":"age_value>0.077","whereCondition":""}
        
        ],
        "crossCheck":{
        
            "entity":"death",
            "field":"age_value",
            "ref":"deathId",
            "condition":"between[1:{value}],required"
        
        },
        "help":""
        }



]
}