{
"schemaName":"enum.eslDetail.birthDetails",
"onSave":"",
"condition":"",
"success":"",
"fail":"",
"crossEntity":"",
"properties":[


        {
        "name":"datastore",
        "type":"hidden",
        "valdn":"",
        "label":"",
        "flow":"",
        "value":"birthDetails",
        "items":[
        
        ],
        "image":"",
        "lookup":{
        
        },
        "metadata":{
                
                },
        "crossFlow":[
        
        ],
        "crossCheck":{
        
        },
        "help":""
        },



        {
        "name":"deathId",
        "type":"hidden",
        "valdn":"",
        "label":"",
        "flow":"",
        "value":"$stateParams.deathId",
        "items":[
        
        ],
        "image":"",
        "lookup":{
        
        },
        "metadata":{
                
                },
        "crossFlow":[
        
        ],
        "crossCheck":{
        
        },
        "help":""
        },



        {
        "name":"starttime",
        "type":"hidden",
        "valdn":"",
        "label":"",
        "flow":"",
        "value":"timestamp",
        "items":[
        
        ],
        "image":"",
        "lookup":{
        
        },
        "metadata":{
                
                },
        "crossFlow":[
        
        ],
        "crossCheck":{
        
        },
        "help":""
        },



        {
        "name":"",
        "type":"heading",
        "valdn":"",
        "label":"आता मला तुम्हाला बाळाच्या जन्मा विषयी काही प्रश्न विचारायचे आहेत ",
        "flow":"",
        "value":"",
        "items":[
        
        ],
        "image":"",
        "lookup":{
        
        },
        "metadata":{
                
                },
        "crossFlow":[
        
        {"entity":"death","field":"age_value","ref":"deathId","condition":"age_value>=0 && age_value<5","whereCondition":""}
        
        ],
        "crossCheck":{
        
        },
        "help":""
        },



        {
        "name":"born",
        "type":"radio",
        "valdn":"required",
        "label":"बाळ जिवंत वा मृत जन्माला आले होते?",
        "flow":"",
        "value":"",
        "items":[
        
            {"text":"जिवंत","value":"Alive","valdn":""},
        
            {"text":"मृत","value":"Dead","valdn":""},
        
            {"text":"माहिती नाही","value":"Don't know","valdn":""}
        
        ],
        "image":"",
        "lookup":{
        
        },
        "metadata":{
                
                },
        "crossFlow":[
        
        {"entity":"death","field":"age_value","ref":"deathId","condition":"age_value>=0 && age_value<0.079","whereCondition":""}
        
        ],
        "crossCheck":{
        
        },
        "help":""
        },



        {
        "name":"birthWeight",
        "type":"radio",
        "valdn":"required",
        "label":"बाळाचे जन्माच्या वेळी वजन किती  होते?",
        "flow":"",
        "value":"",
        "items":[
        
            {"text":"1500 ग्राम पेक्षा कमी","value":"Less than 1500 grams","valdn":""},
        
            {"text":"1500 - 2499 ग्राम","value":"1500-2499 grams","valdn":""},
        
            {"text":"2500-3999 ग्राम","value":"2500-3999 grams","valdn":""},
        
            {"text":"4000 ग्राम पेक्षा जास्त","value":"Greather than 4000 grams","valdn":""},
        
            {"text":"जन्मा वेळेस वजन मोजले नाही","value":"Birth weight not taken","valdn":""},
        
            {"text":"माहिती नाही","value":"Don't know","valdn":""}
        
        ],
        "image":"",
        "lookup":{
        
        },
        "metadata":{
                
                },
        "crossFlow":[
        
        {"entity":"death","field":"age_value","ref":"deathId","condition":"age_value>=0 && age_value<5","whereCondition":""}
        
        ],
        "crossCheck":{
        
        },
        "help":""
        },



        {
        "name":"sizeCompareOtherChild",
        "type":"radio",
        "valdn":"required",
        "label":"तुमच्या भागातील इतर मुलां पेक्षा बाळाचा आकार जन्मावेळी  कसा होता ?",
        "flow":"",
        "value":"",
        "items":[
        
            {"text":"खूप लहान","value":"Very Small","valdn":""},
        
            {"text":"नेहमीपेक्षा जरा लहान","value":"Smaller than usual","valdn":""},
        
            {"text":"मध्यमान","value":"Average","valdn":""},
        
            {"text":"सरासरी पेक्षा मोठा ","value":"Larger than average","valdn":""},
        
            {"text":"अज्ञात","value":"Unknown","valdn":""}
        
        ],
        "image":"",
        "lookup":{
        
        },
        "metadata":{
                
                },
        "crossFlow":[
        
        {"entity":"death","field":"age_value","ref":"deathId","condition":"age_value>=0 && age_value<5","whereCondition":""}
        
        ],
        "crossCheck":{
        
        },
        "help":""
        },



        {
        "name":"pregDuration",
        "type":"text",
        "valdn":"between[1:9],required",
        "label":"बाळाच्या जन्मावेळी गर्भावस्था चे किती दिवस झाले होते? (महिने) ",
        "flow":"",
        "value":"",
        "items":[
        
        ],
        "image":"",
        "lookup":{
        
        },
        "metadata":{
                
                },
        "crossFlow":[
        
        {"entity":"death","field":"age_value","ref":"deathId","condition":"age_value>=0 && age_value<5","whereCondition":""}
        
        ],
        "crossCheck":{
        
        },
        "help":""
        },



        {
        "name":"ageFatalIllnessDays",
        "type":"text",
        "valdn":"between[0:28],required",
        "label":"प्राणघातक आजाराची सुरुवात झाली तेव्हा बाळाचे वय किती होते? (दिवस)",
        "flow":"",
        "value":"",
        "items":[
        
        ],
        "image":"",
        "lookup":{
        
        },
        "metadata":{
                
                },
        "crossFlow":[
        
        {"entity":"death","field":"age_value","ref":"deathId","condition":"age_value>=0 && age_value<0.079","whereCondition":""}
        
        ],
        "crossCheck":{
        
            "entity":"death",
            "field":"age_value",
            "ref":"deathId",
            "condition":"between[1:{value}],required"
        
        },
        "help":""
        },



        {
        "name":"ageFatalIllness",
        "type":"text",
        "valdn":"between[0:11],required",
        "label":"घातक आजाराची सुरुवात होताना बाळाचे वय किती होते ?",
        "flow":"",
        "value":"",
        "items":[
        
        ],
        "image":"",
        "lookup":{
        
        },
        "metadata":{
                
                },
        "crossFlow":[
        
        {"entity":"death","field":"age_value","ref":"deathId","condition":"age_value>0.079 && age_value<1","whereCondition":""}
        
        ],
        "crossCheck":{
        
            "entity":"death",
            "field":"age_value",
            "ref":"deathId",
            "condition":"between[1:{value}],required"
        
        },
        "help":""
        },



        {
        "name":"ageFatalIllness",
        "type":"text",
        "valdn":"between[0:14],required",
        "label":"घातक आजाराची सुरुवात होताना बाळाचे वय किती होते ?",
        "flow":"",
        "value":"",
        "items":[
        
        ],
        "image":"",
        "lookup":{
        
        },
        "metadata":{
                
                },
        "crossFlow":[
        
        {"entity":"death","field":"age_value","ref":"deathId","condition":"age_value>=1 && age_value<15","whereCondition":""}
        
        ],
        "crossCheck":{
        
            "entity":"death",
            "field":"age_value",
            "ref":"deathId",
            "condition":"between[1:{value}],required"
        
        },
        "help":""
        },



        {
        "name":"singleMultiple",
        "type":"radio",
        "valdn":"required",
        "label":"बाळ जन्माला आले ते एकटेच होते कि एकापेक्षा आधिक बाळे जन्मली होती ?",
        "flow":"",
        "value":"",
        "items":[
        
            {"text":"एकच","value":"Singleton","valdn":""},
        
            {"text":"एकापेक्षा जास्त","value":"Multiple","valdn":""},
        
            {"text":"माहिती नाही","value":"Don't know","valdn":""}
        
        ],
        "image":"",
        "lookup":{
        
        },
        "metadata":{
                
                },
        "crossFlow":[
        
        {"entity":"death","field":"age_value","ref":"deathId","condition":"age_value>=0 && age_value<5","whereCondition":""}
        
        ],
        "crossCheck":{
        
        },
        "help":""
        },



        {
        "name":"complications",
        "type":"radio",
        "valdn":"required",
        "label":"सदर बाळ गर्भावस्थेत असताना शेवटच्या तीन महिन्यात ,प्रसववेदना चालू असताना किंवा प्रसव दरम्यान काही गुंतागुंत झाली होती का?",
        "flow":"",
        "value":"",
        "items":[
        
            {"text":"होय","value":"Yes","valdn":""},
        
            {"text":"नाही","value":"No","valdn":""},
        
            {"text":"माहीती नाही","value":"Don't know","valdn":""}
        
        ],
        "image":"",
        "lookup":{
        
        },
        "metadata":{
                
                },
        "crossFlow":[
        
        {"entity":"death","field":"age_value","ref":"deathId","condition":"age_value>0.079 && age_value<1","whereCondition":""}
        
        ],
        "crossCheck":{
        
        },
        "help":""
        },



        {
        "name":"abnormalPhysPart",
        "type":"radio",
        "valdn":"required",
        "label":"जन्मावेळी बाळाला काही शारीरिक व्यंग होते का? (उदा . शरीराचा एखादा भाग खूप छोटा,खूप मोठा किवा अतिरिक्त भाग )",
        "flow":"",
        "value":"",
        "items":[
        
            {"text":"होय","value":"Yes","valdn":""},
        
            {"text":"नाही","value":"No","valdn":""},
        
            {"text":"माहीती नाही","value":"Don't know","valdn":""}
        
        ],
        "image":"",
        "lookup":{
        
        },
        "metadata":{
                
                },
        "crossFlow":[
        
        {"entity":"death","field":"age_value","ref":"deathId","condition":"age_value>=0 && age_value<5","whereCondition":""}
        
        ],
        "crossCheck":{
        
        },
        "help":""
        },



        {
        "name":"abnormalities",
        "type":"radio",
        "valdn":"required",
        "label":"व्यंग काय होते?",
        "flow":"data.abnormalPhysPart=='Yes'",
        "value":"",
        "items":[
        
            {"text":"जन्मा वेळेस डोक्याचा घेर खुप कमी","value":"Head size very small at time of birth","valdn":""},
        
            {"text":"जन्मा वेळेस डोक्याचा घेर खुप जास्त ","value":"Head size very large at time of birth","valdn":""},
        
            {"text":"डोक्याच्या किंवा पाठीच्या कण्याच्या मागे दोष किंवा गाठ","value":"Mass or defect on the back of head or spine","valdn":""},
        
            {"text":"इतर","value":"Other","valdn":""},
        
            {"text":"माहिती नाही","value":"Don't know","valdn":""}
        
        ],
        "image":"",
        "lookup":{
        
        },
        "metadata":{
                
                },
        "crossFlow":[
        
        {"entity":"death","field":"age_value","ref":"deathId","condition":"age_value>=0 && age_value<5","whereCondition":""}
        
        ],
        "crossCheck":{
        
        },
        "help":""
        },



        {
        "name":"otherAbnormalities",
        "type":"text",
        "valdn":"required",
        "label":"व्यंगाबद्दल स्पष्ट लिहा ",
        "flow":"data.abnormalities=='Other'",
        "value":"",
        "items":[
        
        ],
        "image":"",
        "lookup":{
        
        },
        "metadata":{
                
                },
        "crossFlow":[
        
        {"entity":"death","field":"age_value","ref":"deathId","condition":"age_value>=0 && age_value<5","whereCondition":""}
        
        ],
        "crossCheck":{
        
        },
        "help":""
        },



        {
        "name":"blueColor",
        "type":"radio",
        "valdn":"required",
        "label":"बाळ जन्माच्या वेळी निळसर पडले होते का?",
        "flow":"",
        "value":"",
        "items":[
        
            {"text":"होय","value":"Yes","valdn":""},
        
            {"text":"नाही","value":"No","valdn":""},
        
            {"text":"माहीती नाही","value":"Don't know","valdn":""}
        
        ],
        "image":"",
        "lookup":{
        
        },
        "metadata":{
                
                },
        "crossFlow":[
        
        {"entity":"death","field":"age_value","ref":"deathId","condition":"age_value>=0 && age_value<0.079","whereCondition":""}
        
        ],
        "crossCheck":{
        
        },
        "help":""
        },



        {
        "name":"everCry",
        "type":"radio",
        "valdn":"required",
        "label":"बाळ जन्माच्या वेळी निळसर पडले होते का?",
        "flow":"data.born=='Alive' || data.born=='Dont know'",
        "value":"",
        "items":[
        
            {"text":"होय","value":"Yes","valdn":""},
        
            {"text":"नाही","value":"No","valdn":""},
        
            {"text":"माहीती नाही","value":"Don't know","valdn":""}
        
        ],
        "image":"",
        "lookup":{
        
        },
        "metadata":{
                
                },
        "crossFlow":[
        
        {"entity":"death","field":"age_value","ref":"deathId","condition":"age_value>=0 && age_value<0.079","whereCondition":""}
        
        ],
        "crossCheck":{
        
        },
        "help":""
        },



        {
        "name":"everMove",
        "type":"radio",
        "valdn":"required",
        "label":"जन्मानंतर बाळाची थोडितरी हालचाल जाणवली होती का?",
        "flow":"data.born=='Alive' || data.born=='Dont know'",
        "value":"",
        "items":[
        
            {"text":"होय","value":"Yes","valdn":""},
        
            {"text":"नाही","value":"No","valdn":""},
        
            {"text":"माहीती नाही","value":"Don't know","valdn":""}
        
        ],
        "image":"",
        "lookup":{
        
        },
        "metadata":{
                
                },
        "crossFlow":[
        
        {"entity":"death","field":"age_value","ref":"deathId","condition":"age_value>=0 && age_value<0.079","whereCondition":""}
        
        ],
        "crossCheck":{
        
        },
        "help":""
        },



        {
        "name":"everBreathe",
        "type":"radio",
        "valdn":"required",
        "label":"जन्मानंतर बाळाच्या श्वासा ची थोडितरी हालचाल जाणवली होती का?",
        "flow":"data.born=='Alive' || data.born=='Dont know'",
        "value":"",
        "items":[
        
            {"text":"होय","value":"Yes","valdn":""},
        
            {"text":"नाही","value":"No","valdn":""},
        
            {"text":"माहीती नाही","value":"Don't know","valdn":""}
        
        ],
        "image":"",
        "lookup":{
        
        },
        "metadata":{
                
                },
        "crossFlow":[
        
        {"entity":"death","field":"age_value","ref":"deathId","condition":"age_value>=0 && age_value<0.079","whereCondition":""}
        
        ],
        "crossCheck":{
        
        },
        "help":""
        },



        {
        "name":"durationCryBreatheAfterBirth",
        "type":"radio",
        "valdn":"required",
        "label":"जन्मानंतर बाळाच्या श्वासा ची थोडितरी हालचाल जाणवली होती का?",
        "flow":"data.everCry=='Yes' || data.everBreathe=='Yes'",
        "value":"",
        "items":[
        
            {"text":"5 मिनीट किंवा त्यापेक्षा कमी ","value":"Less than and Equal to 5 minutes","valdn":""},
        
            {"text":"6-30 मिनीट ","value":"6-30 minutes","valdn":""},
        
            {"text":"30 मिनीटा पेक्षा जास्त","value":"Greather than 30 minutes","valdn":""},
        
            {"text":"माहिती नाही","value":"Don't know","valdn":""}
        
        ],
        "image":"",
        "lookup":{
        
        },
        "metadata":{
                
                },
        "crossFlow":[
        
        {"entity":"death","field":"age_value","ref":"deathId","condition":"age_value>=0 && age_value<0.079","whereCondition":""}
        
        ],
        "crossCheck":{
        
        },
        "help":""
        },



        {
        "name":"stopCry",
        "type":"radio",
        "valdn":"required",
        "label":"बाळ रडण्याचे थांबले होते का?",
        "flow":"data.born=='Alive' || data.born=='Dont know'",
        "value":"",
        "items":[
        
            {"text":"होय","value":"Yes","valdn":""},
        
            {"text":"नाही","value":"No","valdn":""},
        
            {"text":"माहीती नाही","value":"Don't know","valdn":""}
        
        ],
        "image":"",
        "lookup":{
        
        },
        "metadata":{
                
                },
        "crossFlow":[
        
        {"entity":"death","field":"age_value","ref":"deathId","condition":"age_value>=0 && age_value<0.079","whereCondition":""}
        
        ],
        "crossCheck":{
        
        },
        "help":""
        },



        {
        "name":"durationStopCryBeforeDeath",
        "type":"radio",
        "valdn":"required",
        "label":"मृत्यु अगोदर किती वेळ बाळ रडण्याचे थांबले होते ?",
        "flow":"data.stopCry=='Yes'",
        "value":"",
        "items":[
        
            {"text":"एकदिवसा पेक्षा कमी","value":"Less than 1 day","valdn":""},
        
            {"text":"एकदिवस किंवा त्यापेक्षा जास्त","value":"1 day or more","valdn":""},
        
            {"text":"माहिती नाही","value":"Don't know","valdn":""}
        
        ],
        "image":"",
        "lookup":{
        
        },
        "metadata":{
                
                },
        "crossFlow":[
        
        {"entity":"death","field":"age_value","ref":"deathId","condition":"age_value>=0 && age_value<0.079","whereCondition":""}
        
        ],
        "crossCheck":{
        
        },
        "help":""
        },



        {
        "name":"breatheAssistance",
        "type":"radio",
        "valdn":"required",
        "label":"बाळाला जन्मावेळी श्वास घेण्यासाठी मदत केली होती का?",
        "flow":"data.born=='Alive' || data.born=='Dont know'",
        "value":"",
        "items":[
        
            {"text":"होय","value":"Yes","valdn":""},
        
            {"text":"नाही","value":"No","valdn":""},
        
            {"text":"माहीती नाही","value":"Don't know","valdn":""}
        
        ],
        "image":"",
        "lookup":{
        
        },
        "metadata":{
                
                },
        "crossFlow":[
        
        {"entity":"death","field":"age_value","ref":"deathId","condition":"age_value>=0 && age_value<0.079","whereCondition":""}
        
        ],
        "crossCheck":{
        
        },
        "help":""
        },



        {
        "name":"bodyInjury",
        "type":"radio",
        "valdn":"required",
        "label":"बाळाच्या शरीरावर मुका मार व जखमेची खून होती का?",
        "flow":"data.born=='Alive' || data.born=='Dont know'",
        "value":"",
        "items":[
        
            {"text":"होय","value":"Yes","valdn":""},
        
            {"text":"नाही","value":"No","valdn":""},
        
            {"text":"माहीती नाही","value":"Don't know","valdn":""}
        
        ],
        "image":"",
        "lookup":{
        
        },
        "metadata":{
                
                },
        "crossFlow":[
        
        {"entity":"death","field":"age_value","ref":"deathId","condition":"age_value>=0 && age_value<5","whereCondition":""}
        
        ],
        "crossCheck":{
        
        },
        "help":""
        },



        {
        "name":"convulsionsFirstDay",
        "type":"radio",
        "valdn":"required",
        "label":"जन्माच्या पहिल्या दिवसापासून बाळाला झटके येत होते का?",
        "flow":"data.born=='Alive' || data.born=='Dont know'",
        "value":"",
        "items":[
        
            {"text":"होय","value":"Yes","valdn":""},
        
            {"text":"नाही","value":"No","valdn":""},
        
            {"text":"माहीती नाही","value":"Don't know","valdn":""}
        
        ],
        "image":"",
        "lookup":{
        
        },
        "metadata":{
                
                },
        "crossFlow":[
        
        {"entity":"death","field":"age_value","ref":"deathId","condition":"age_value>=0 && age_value<0.079","whereCondition":""}
        
        ],
        "crossCheck":{
        
        },
        "help":""
        },



        {
        "name":"convulsionsSecondDay",
        "type":"radio",
        "valdn":"required",
        "label":"जन्माच्या दुसऱ्या दिवसापासून वा नंतर बाळाला झटके येत होते का?",
        "flow":"data.convulsionsFirstDay=='No' || data.convulsionsFirstDay== 'Dont know' ",
        "value":"",
        "items":[
        
            {"text":"होय","value":"Yes","valdn":""},
        
            {"text":"नाही","value":"No","valdn":""},
        
            {"text":"माहीती नाही","value":"Don't know","valdn":""}
        
        ],
        "image":"",
        "lookup":{
        
        },
        "metadata":{
                
                },
        "crossFlow":[
        
        {"entity":"death","field":"age_value","ref":"deathId","condition":"age_value>=0 && age_value<0.079","whereCondition":""}
        
        ],
        "crossCheck":{
        
        },
        "help":""
        },



        {
        "name":"",
        "type":"heading",
        "valdn":"",
        "label":"आता मला तुम्हाला स्तनपाना विषयी काही प्रश्न विचारायचे आहेत ?",
        "flow":"",
        "value":"",
        "items":[
        
        ],
        "image":"",
        "lookup":{
        
        },
        "metadata":{
                
                },
        "crossFlow":[
        
        {"entity":"death","field":"age_value","ref":"deathId","condition":"age_value>=0 && age_value<0.079","whereCondition":""}
        
        ],
        "crossCheck":{
        
        },
        "help":""
        },



        {
        "name":"firstDaySuckle",
        "type":"radio",
        "valdn":"required",
        "label":"जन्माच्या पहिल्या  दिवसापासून बाळ व्यवस्थितपणे स्तनपान /बाटलीने दुध घेत होते?",
        "flow":"",
        "value":"",
        "items":[
        
            {"text":"होय","value":"Yes","valdn":""},
        
            {"text":"नाही","value":"No","valdn":""},
        
            {"text":"माहीती नाही","value":"Don't know","valdn":""}
        
        ],
        "image":"",
        "lookup":{
        
        },
        "metadata":{
                
                },
        "crossFlow":[
        
        {"entity":"death","field":"age_value","ref":"deathId","condition":"age_value>=0 && age_value<0.079","whereCondition":""}
        
        ],
        "crossCheck":{
        
        },
        "help":""
        },



        {
        "name":"everSuckle",
        "type":"radio",
        "valdn":"required",
        "label":" बाळा ने व्यवस्थितपणे स्तन एकदातरी चोखले का?",
        "flow":"data.firstDaySuckle=='No' || data.firstDaySuckle=='Dont know' ",
        "value":"",
        "items":[
        
            {"text":"होय","value":"Yes","valdn":""},
        
            {"text":"नाही","value":"No","valdn":""},
        
            {"text":"माहीती नाही","value":"Don't know","valdn":""}
        
        ],
        "image":"",
        "lookup":{
        
        },
        "metadata":{
                
                },
        "crossFlow":[
        
        {"entity":"death","field":"age_value","ref":"deathId","condition":"age_value>=0 && age_value<0.079","whereCondition":""}
        
        ],
        "crossCheck":{
        
        },
        "help":""
        },



        {
        "name":"stopSuckle",
        "type":"radio",
        "valdn":"required",
        "label":" बाळा ने  व्यवस्थितपणे स्तन  चोखने थांबवले का?",
        "flow":"data.everSuckle=='Yes'",
        "value":"",
        "items":[
        
            {"text":"होय","value":"Yes","valdn":""},
        
            {"text":"नाही","value":"No","valdn":""},
        
            {"text":"माहीती नाही","value":"Don't know","valdn":""}
        
        ],
        "image":"",
        "lookup":{
        
        },
        "metadata":{
                
                },
        "crossFlow":[
        
        {"entity":"death","field":"age_value","ref":"deathId","condition":"age_value>=0 && age_value<0.079","whereCondition":""}
        
        ],
        "crossCheck":{
        
        },
        "help":""
        },



        {
        "name":"durationStopSuckleBeforeDeath",
        "type":"radio",
        "valdn":"required",
        "label":" बाळा ने स्तन चोखने मृत्युपूर्वी  किती अगोदर थांबवले ?",
        "flow":"data.everSuckle=='Yes' && data.stopSuckle=='Yes'",
        "value":"",
        "items":[
        
            {"text":"एकदिवसा पेक्षा कमी","value":"Less than 1 day","valdn":""},
        
            {"text":"एकदिवस किंवा त्यापेक्षा जास्त","value":"1 day or more","valdn":""},
        
            {"text":"माहिती नाही","value":"Don't know","valdn":""}
        
        ],
        "image":"",
        "lookup":{
        
        },
        "metadata":{
                
                },
        "crossFlow":[
        
        {"entity":"death","field":"age_value","ref":"deathId","condition":"age_value>=0 && age_value<0.079","whereCondition":""}
        
        ],
        "crossCheck":{
        
        },
        "help":""
        },



        {
        "name":"openMouth",
        "type":"radio",
        "valdn":"required",
        "label":"बाळा ने स्तन चोखने बंद केल्यावर बाळ तोंड उघडत होते का?",
        "flow":"data.everSuckle=='Yes' && data.stopSuckle=='Yes'",
        "value":"",
        "items":[
        
            {"text":"होय","value":"Yes","valdn":""},
        
            {"text":"नाही","value":"No","valdn":""},
        
            {"text":"माहीती नाही","value":"Don't know","valdn":""}
        
        ],
        "image":"",
        "lookup":{
        
        },
        "metadata":{
                
                },
        "crossFlow":[
        
        {"entity":"death","field":"age_value","ref":"deathId","condition":"age_value>=0 && age_value<0.079","whereCondition":""}
        
        ],
        "crossCheck":{
        
        },
        "help":""
        },



        {
        "name":"",
        "type":"heading",
        "valdn":"",
        "label":"वरील सर्व माहितीला अनुसरून मला प्रसूती संबंधीत काही प्रश्न विचारायचे आहेत ",
        "flow":"",
        "value":"",
        "items":[
        
        ],
        "image":"",
        "lookup":{
        
        },
        "metadata":{
                
                },
        "crossFlow":[
        
        {"entity":"death","field":"age_value","ref":"deathId","condition":"age_value>=0 && age_value<0.079","whereCondition":""}
        
        ],
        "crossCheck":{
        
        },
        "help":""
        },



        {
        "name":"hbp",
        "type":"radio",
        "valdn":"required",
        "label":"या गर्भावस्थेत तुला/बाळाच्या आईला उच्च रक्तदाबाचा त्रास होता का?",
        "flow":"",
        "value":"",
        "items":[
        
            {"text":"होय","value":"Yes","valdn":""},
        
            {"text":"नाही","value":"No","valdn":""},
        
            {"text":"माहीती नाही","value":"Don't know","valdn":""}
        
        ],
        "image":"",
        "lookup":{
        
        },
        "metadata":{
                
                },
        "crossFlow":[
        
        {"entity":"death","field":"age_value","ref":"deathId","condition":"age_value>=0 && age_value<0.079","whereCondition":""}
        
        ],
        "crossCheck":{
        
        },
        "help":""
        },



        {
        "name":"convultion",
        "type":"radio",
        "valdn":"required",
        "label":"या गर्भावस्थेत तुला/बाळाच्या आईला शेवटच्या तीन महिन्यात फीट  येण्याचा  त्रास होता का?",
        "flow":"",
        "value":"",
        "items":[
        
            {"text":"होय","value":"Yes","valdn":""},
        
            {"text":"नाही","value":"No","valdn":""},
        
            {"text":"माहीती नाही","value":"Don't know","valdn":""}
        
        ],
        "image":"",
        "lookup":{
        
        },
        "metadata":{
                
                },
        "crossFlow":[
        
        {"entity":"death","field":"age_value","ref":"deathId","condition":"age_value>=0 && age_value<0.079","whereCondition":""}
        
        ],
        "crossCheck":{
        
        },
        "help":""
        },



        {
        "name":"anemia",
        "type":"radio",
        "valdn":"required",
        "label":"गरोदरपणाच्या शेवटच्या ३ महिन्यात किंवा प्रसव वेदना सुरू असताना किंवा प्रसवाच्यावेळी तुम्हाला/बाळाच्या आईला रक्ताच्या अतिकमतरतेचा (ऍनेमियाचा) त्रास झाला होता का?",
        "flow":"",
        "value":"",
        "items":[
        
            {"text":"होय","value":"Yes","valdn":""},
        
            {"text":"नाही","value":"No","valdn":""},
        
            {"text":"माहीती नाही","value":"Don't know","valdn":""}
        
        ],
        "image":"",
        "lookup":{
        
        },
        "metadata":{
                
                },
        "crossFlow":[
        
        {"entity":"death","field":"age_value","ref":"deathId","condition":"age_value>=0 && age_value<0.079","whereCondition":""}
        
        ],
        "crossCheck":{
        
        },
        "help":""
        },



        {
        "name":"diabetes",
        "type":"radio",
        "valdn":"required",
        "label":"गर्भावस्थेत असताना शेवटच्या तीन महिन्यात,प्रसववेदना चालू असताना किंवा प्रसव दरम्यान तुला/बाळाच्या आईला मधुमेहाचा त्रास होता का?",
        "flow":"",
        "value":"",
        "items":[
        
            {"text":"होय","value":"Yes","valdn":""},
        
            {"text":"नाही","value":"No","valdn":""},
        
            {"text":"माहीती नाही","value":"Don't know","valdn":""}
        
        ],
        "image":"",
        "lookup":{
        
        },
        "metadata":{
                
                },
        "crossFlow":[
        
        {"entity":"death","field":"age_value","ref":"deathId","condition":"age_value>=0 && age_value<0.079","whereCondition":""}
        
        ],
        "crossCheck":{
        
        },
        "help":""
        },



        {
        "name":"abnormalPosition",
        "type":"radio",
        "valdn":"required",
        "label":"प्रसवदरम्यान डोक्याआधी, बाळाचे पाय,पार्श्वभाग व हात योनीमार्गातून बाहेर आले होते का?",
        "flow":"",
        "value":"",
        "items":[
        
            {"text":"होय","value":"Yes","valdn":""},
        
            {"text":"नाही","value":"No","valdn":""},
        
            {"text":"माहीती नाही","value":"Don't know","valdn":""}
        
        ],
        "image":"",
        "lookup":{
        
        },
        "metadata":{
                
                },
        "crossFlow":[
        
        {"entity":"death","field":"age_value","ref":"deathId","condition":"age_value>=0 && age_value<0.079","whereCondition":""}
        
        ],
        "crossCheck":{
        
        },
        "help":""
        },



        {
        "name":"umbilicalCordDelivery",
        "type":"radio",
        "valdn":"required",
        "label":"नाळ आगोदर बाहेर पडली होती का?",
        "flow":"",
        "value":"",
        "items":[
        
            {"text":"होय","value":"Yes","valdn":""},
        
            {"text":"नाही","value":"No","valdn":""},
        
            {"text":"माहीती नाही","value":"Don't know","valdn":""}
        
        ],
        "image":"",
        "lookup":{
        
        },
        "metadata":{
                
                },
        "crossFlow":[
        
        {"entity":"death","field":"age_value","ref":"deathId","condition":"age_value>=0 && age_value<0.079","whereCondition":""}
        
        ],
        "crossCheck":{
        
        },
        "help":""
        },



        {
        "name":"umbilicalCordWrapped",
        "type":"radio",
        "valdn":"required",
        "label":"जन्माच्या वेळी नाळ बाळाच्या मानेला खूपवेळा (एकापेक्षा जास्त वेळा )गुंडाळली होती का?",
        "flow":"",
        "value":"",
        "items":[
        
            {"text":"होय","value":"Yes","valdn":""},
        
            {"text":"नाही","value":"No","valdn":""},
        
            {"text":"माहीती नाही","value":"Don't know","valdn":""}
        
        ],
        "image":"",
        "lookup":{
        
        },
        "metadata":{
                
                },
        "crossFlow":[
        
        {"entity":"death","field":"age_value","ref":"deathId","condition":"age_value>=0 && age_value<0.079","whereCondition":""}
        
        ],
        "crossCheck":{
        
        },
        "help":""
        },



        {
        "name":"vaginalBleeding",
        "type":"radio",
        "valdn":"required",
        "label":"प्रसवकळा दरम्यान व प्रसव वेळी तुला/बाळाच्या आईला योनीमार्गातून अतिरक्तस्त्राव झाला होता का?",
        "flow":"",
        "value":"",
        "items":[
        
            {"text":"होय","value":"Yes","valdn":""},
        
            {"text":"नाही","value":"No","valdn":""},
        
            {"text":"माहीती नाही","value":"Don't know","valdn":""}
        
        ],
        "image":"",
        "lookup":{
        
        },
        "metadata":{
                
                },
        "crossFlow":[
        
        {"entity":"death","field":"age_value","ref":"deathId","condition":"age_value>=0 && age_value<0.079","whereCondition":""}
        
        ],
        "crossCheck":{
        
        },
        "help":""
        },



        {
        "name":"fever",
        "type":"radio",
        "valdn":"required",
        "label":"प्रसव वेळी तुला/बाळाच्या आईला ताप आला  होता का?",
        "flow":"",
        "value":"",
        "items":[
        
            {"text":"होय","value":"Yes","valdn":""},
        
            {"text":"नाही","value":"No","valdn":""},
        
            {"text":"माहीती नाही","value":"Don't know","valdn":""}
        
        ],
        "image":"",
        "lookup":{
        
        },
        "metadata":{
                
                },
        "crossFlow":[
        
        {"entity":"death","field":"age_value","ref":"deathId","condition":"age_value>=0 && age_value<0.079","whereCondition":""}
        
        ],
        "crossCheck":{
        
        },
        "help":""
        },



        {
        "name":"movingStopped",
        "type":"radio",
        "valdn":"required",
        "label":"प्रसव चालू होण्याअगोदर बाळाची गर्भाशयातील हालचाल थांबली होती का?",
        "flow":"",
        "value":"",
        "items":[
        
            {"text":"होय","value":"Yes","valdn":""},
        
            {"text":"नाही","value":"No","valdn":""},
        
            {"text":"माहीती नाही","value":"Don't know","valdn":""}
        
        ],
        "image":"",
        "lookup":{
        
        },
        "metadata":{
                
                },
        "crossFlow":[
        
        {"entity":"death","field":"age_value","ref":"deathId","condition":"age_value>=0 && age_value<0.079","whereCondition":""}
        
        ],
        "crossCheck":{
        
        },
        "help":""
        },



        {
        "name":"childLastMove",
        "type":"select_text",
        "valdn":"between[1:99],required",
        "label":"प्रसव चालू होण्याअगोदर बाळाची गर्भाशयातील हालचाल तुला/बाळाच्या आईला शेवटी कधी जाणवली होती?",
        "flow":"data.movingStopped=='Yes'",
        "value":"",
        "items":[
        
            {"text":"तास","value":"Hours","valdn":"between[1:24],required"},
        
            {"text":"दिवस","value":"Days","valdn":"between[1:31],required"}
        
        ],
        "image":"",
        "lookup":{
        
        },
        "metadata":{
                
                },
        "crossFlow":[
        
        {"entity":"death","field":"age_value","ref":"deathId","condition":"age_value>=0 && age_value<0.079","whereCondition":""}
        
        ],
        "crossCheck":{
        
        },
        "help":""
        },



        {
        "name":"waterBreak",
        "type":"radio",
        "valdn":"required",
        "label":"पाण्याची पिशवी प्रसव आधी व प्रसव दरम्यान फुटली होती?",
        "flow":"",
        "value":"",
        "items":[
        
            {"text":"पुर्वी","value":"Before","valdn":""},
        
            {"text":"चालु ","value":"During","valdn":""},
        
            {"text":"माहिती नाही","value":"Don't know","valdn":""}
        
        ],
        "image":"",
        "lookup":{
        
        },
        "metadata":{
                
                },
        "crossFlow":[
        
        {"entity":"death","field":"age_value","ref":"deathId","condition":"age_value>=0 && age_value<0.079","whereCondition":""}
        
        ],
        "crossCheck":{
        
        },
        "help":""
        },



        {
        "name":"timeWaterBreak",
        "type":"radio",
        "valdn":"required",
        "label":"पाण्याची पिशवी प्रसव आधी किती वेळानी  फुटली  होती?",
        "flow":"data.waterBreak=='Before' ",
        "value":"",
        "items":[
        
            {"text":"एकदिवसा पेक्षा कमी","value":"Less than 1 day","valdn":""},
        
            {"text":"एकदिवस किंवा त्यापेक्षा जास्त","value":"1 day or more","valdn":""},
        
            {"text":"माहिती नाही","value":"Don't know","valdn":""}
        
        ],
        "image":"",
        "lookup":{
        
        },
        "metadata":{
                
                },
        "crossFlow":[
        
        {"entity":"death","field":"age_value","ref":"deathId","condition":"age_value>=0 && age_value<0.079","whereCondition":""}
        
        ],
        "crossCheck":{
        
        },
        "help":""
        },



        {
        "name":"liquidColor",
        "type":"radio",
        "valdn":"required",
        "label":"पाण्याची पिशवी फुटली तेव्हा बाहेर येणाऱ्या द्रव्याचा रंग कोणता होता?",
        "flow":"data.waterBreak=='Before' || data.waterBreak=='During'",
        "value":"",
        "items":[
        
            {"text":"हिरवा किंवा करडा","value":"Green or brown ","valdn":""},
        
            {"text":"स्वच्छ","value":"Clear","valdn":""},
        
            {"text":"इतर","value":"Other ","valdn":""},
        
            {"text":"माहिती नाही","value":"Don't know","valdn":""}
        
        ],
        "image":"",
        "lookup":{
        
        },
        "metadata":{
                
                },
        "crossFlow":[
        
        {"entity":"death","field":"age_value","ref":"deathId","condition":"age_value>=0 && age_value<0.079","whereCondition":""}
        
        ],
        "crossCheck":{
        
        },
        "help":""
        },



        {
        "name":"otherLiquidColor",
        "type":"text",
        "valdn":"required",
        "label":"द्र्व्याचा रंग कोणता होता ते लिहा ",
        "flow":"data.liquidColor=='Other'",
        "value":"",
        "items":[
        
        ],
        "image":"",
        "lookup":{
        
        },
        "metadata":{
                
                },
        "crossFlow":[
        
        {"entity":"death","field":"age_value","ref":"deathId","condition":"age_value>=0 && age_value<0.079","whereCondition":""}
        
        ],
        "crossCheck":{
        
        },
        "help":""
        },



        {
        "name":"liquidFoulSmell",
        "type":"radio",
        "valdn":"required",
        "label":"द्र्व्याचा घाणेरडा वास येत होता का?",
        "flow":"data.waterBreak=='Before' || data.waterBreak=='During'",
        "value":"",
        "items":[
        
            {"text":"होय","value":"Yes","valdn":""},
        
            {"text":"नाही","value":"No","valdn":""},
        
            {"text":"माहीती नाही","value":"Don't know","valdn":""}
        
        ],
        "image":"",
        "lookup":{
        
        },
        "metadata":{
                
                },
        "crossFlow":[
        
        {"entity":"death","field":"age_value","ref":"deathId","condition":"age_value>=0 && age_value<0.079","whereCondition":""}
        
        ],
        "crossCheck":{
        
        },
        "help":""
        },



        {
        "name":"timeLaborDelivery",
        "type":"text",
        "valdn":"between[0:72],required",
        "label":"प्रसूतीसाठी एकूण किती तास लागले?",
        "flow":"",
        "value":"",
        "items":[
        
        ],
        "image":"",
        "lookup":{
        
        },
        "metadata":{
                
                },
        "crossFlow":[
        
        {"entity":"death","field":"age_value","ref":"deathId","condition":"age_value>=0 && age_value<0.079","whereCondition":""}
        
        ],
        "crossCheck":{
        
        },
        "help":""
        },



        {
        "name":"deliveryMode",
        "type":"radio",
        "valdn":"required",
        "label":"प्रसूतीची कोणती पद्धत अवलंबली होती?",
        "flow":"",
        "value":"",
        "items":[
        
            {"text":"योनीव्दारे चिमटा किंवा व्हॅक्युअमच्या सहायाशिवाय","value":"Vaginal without forceps/vaccum","valdn":""},
        
            {"text":"योनीव्दारे चिमटयाच्या सहायाने","value":"Vaginal with forceps","valdn":""},
        
            {"text":"योनीव्दारे व्हॅक्युअमच्या सहायाने","value":"Vaginal with vaccum","valdn":""},
        
            {"text":"योनीव्दारे चिमटा किवा व्हॅक्युअम हे वापरले काय हे माहिती नाही ","value":"Vaginal don't know (whether forceps or vaccume used)","valdn":""},
        
            {"text":"सिझेरीयन सेक्शन","value":"Caesarean section","valdn":""},
        
            {"text":"माहिती नाही","value":"Don't know","valdn":""}
        
        ],
        "image":"",
        "lookup":{
        
        },
        "metadata":{
                
                },
        "crossFlow":[
        
        {"entity":"death","field":"age_value","ref":"deathId","condition":"age_value>=0 && age_value<0.079","whereCondition":""}
        
        ],
        "crossCheck":{
        
        },
        "help":""
        },



        {
        "name":"caesareanDecision",
        "type":"radio",
        "valdn":"required",
        "label":"सिज़ेरिअन (गर्भाशय फाडून मुल बाहेर काढणे) शस्त्रक्रिया करण्याचा निर्णय तुम्हाला/बाळाच्या आईला कधी घ्यावा लागला?",
        "flow":"data.deliveryMode=='Caesarean section'",
        "value":"",
        "items":[
        
            {"text":"प्रसुती सुरवातीच्या पुर्वी","value":"Before onset of labour","valdn":""},
        
            {"text":"प्रसुती सुरवात झाल्यानंतर","value":"After onset of labour","valdn":""},
        
            {"text":"माहिती नाही","value":"Don’t know","valdn":""}
        
        ],
        "image":"",
        "lookup":{
        
        },
        "metadata":{
                
                },
        "crossFlow":[
        
        {"entity":"death","field":"age_value","ref":"deathId","condition":"age_value>=0 && age_value<0.079","whereCondition":""}
        
        ],
        "crossCheck":{
        
        },
        "help":""
        },



        {
        "name":"injectionDuringLabor",
        "type":"radio",
        "valdn":"required",
        "label":"प्रसव वेदना सुरू असतांना पण प्रसवाच्यापुर्वी तुम्हाला/बाळाच्या आईला कुठल्याही प्रकारचे इन्जेक्शन दिले गेले होते का?",
        "flow":"",
        "value":"",
        "items":[
        
            {"text":"होय","value":"Yes","valdn":""},
        
            {"text":"नाही","value":"No","valdn":""},
        
            {"text":"माहीती नाही","value":"Don't know","valdn":""}
        
        ],
        "image":"",
        "lookup":{
        
        },
        "metadata":{
                
                },
        "crossFlow":[
        
        {"entity":"death","field":"age_value","ref":"deathId","condition":"age_value>=0 && age_value<0.079","whereCondition":""}
        
        ],
        "crossCheck":{
        
        },
        "help":""
        },



        {
        "name":"childBornLocation",
        "type":"radio",
        "valdn":"required",
        "label":"बाळा चा जन्म कुठे झाला?",
        "flow":"",
        "value":"",
        "items":[
        
            {"text":"घर","value":"Home","valdn":""},
        
            {"text":"आरोग्य सुविधेच्या मार्गात","value":"On way to Health facility","valdn":""},
        
            {"text":"प्राथमिक आरोग्य केंद्र ध् ग्रामीण रुग्णालय ","value":"PHC/CHC/Rural Hospital","valdn":""},
        
            {"text":"सार्वजनिक हॉस्पिटल","value":"Public Hospital","valdn":""},
        
            {"text":"निजी हॉस्पिटल","value":"Private Hospital","valdn":""},
        
            {"text":"इतर","value":"Other place","valdn":""},
        
            {"text":"माहिती नाही","value":"Don’t Know","valdn":""}
        
        ],
        "image":"",
        "lookup":{
        
        },
        "metadata":{
                
                },
        "crossFlow":[
        
        {"entity":"death","field":"age_value","ref":"deathId","condition":"age_value >=0 && age_value<15","whereCondition":""}
        
        ],
        "crossCheck":{
        
        },
        "help":""
        },



        {
        "name":"otherChildBornLocation",
        "type":"text",
        "valdn":"required",
        "label":"जन्म झालेल्या जागेबद्दल स्पष्ट लिहा ",
        "flow":"data.childBornLocation=='Other'",
        "value":"",
        "items":[
        
        ],
        "image":"",
        "lookup":{
        
        },
        "metadata":{
                
                },
        "crossFlow":[
        
        {"entity":"death","field":"age_value","ref":"deathId","condition":"age_value >=0 && age_value<15","whereCondition":""}
        
        ],
        "crossCheck":{
        
        },
        "help":""
        },



        {
        "name":"deliveryAttended",
        "type":"radio",
        "valdn":"required",
        "label":"प्रसूती कोणी केली?",
        "flow":"",
        "value":"",
        "items":[
        
            {"text":"अॅलोपॅथिक डाॅक्टर","value":"Allopathic Doctor","valdn":""},
        
            {"text":"आयुर्वेदिक/होमिवोपॅकधीक/युनानी डाॅक्टर","value":"Ayurvedic/Homeopathic/Unani Doctor","valdn":""},
        
            {"text":"अधिपरिचारीका / परिचारीका","value":"Midwife/Nurse","valdn":""},
        
            {"text":"प्रशिक्षीत दायी","value":"Trainined traditional birth attendant","valdn":""},
        
            {"text":"अप्रशिक्षीत दायी","value":"Untrainined traditional birth attendant","valdn":""},
        
            {"text":"इतर","value":"Other","valdn":""},
        
            {"text":"पैकी नाही","value":"None","valdn":""},
        
            {"text":"माहिती नाही","value":"Don't know","valdn":""}
        
        ],
        "image":"",
        "lookup":{
        
        },
        "metadata":{
                
                },
        "crossFlow":[
        
        {"entity":"death","field":"age_value","ref":"deathId","condition":"age_value >=0 && age_value<15","whereCondition":""}
        
        ],
        "crossCheck":{
        
        },
        "help":""
        },



        {
        "name":"otherDeliveryAttended",
        "type":"text",
        "valdn":"required",
        "label":"प्रसूती कोणी केली त्याबद्दल लिहा ",
        "flow":"data.deliveryAttended=='Other'",
        "value":"",
        "items":[
        
        ],
        "image":"",
        "lookup":{
        
        },
        "metadata":{
                
                },
        "crossFlow":[
        
        {"entity":"death","field":"age_value","ref":"deathId","condition":"age_value >=0 && age_value<15","whereCondition":""}
        
        ],
        "crossCheck":{
        
        },
        "help":""
        },



        {
        "name":"",
        "type":"heading",
        "valdn":"",
        "label":"प्रसूतीचा तपशील   ",
        "flow":"",
        "value":"",
        "items":[
        
        ],
        "image":"",
        "lookup":{
        
        },
        "metadata":{
                
                },
        "crossFlow":[
        
        {"entity":"death","field":"age_value","ref":"deathId","condition":"age_value>=0 && age_value<0.079","whereCondition":""}
        
        ],
        "crossCheck":{
        
        },
        "help":""
        },



        {
        "name":"totalBirths",
        "type":"text",
        "valdn":"between[0:10],required",
        "label":"या गर्भावस्थेअगोदर तू /बाळाच्या  आईने किती बाळाना मृत बाळ धरून जन्म दिला आहेस?",
        "flow":"",
        "value":"",
        "items":[
        
        ],
        "image":"",
        "lookup":{
        
        },
        "metadata":{
                
                },
        "crossFlow":[
        
        {"entity":"death","field":"age_value","ref":"deathId","condition":"age_value>=0 && age_value<0.079","whereCondition":""}
        
        ],
        "crossCheck":{
        
        },
        "help":""
        },



        {
        "name":"foulSmellVaginalDischarge",
        "type":"radio",
        "valdn":"required",
        "label":"या गर्भावस्थेअगोदर तू /बाळाच्या  आईने किती बाळाना मृत बाळ धरून जन्म दिला आहेस?",
        "flow":"",
        "value":"",
        "items":[
        
            {"text":"होय","value":"Yes","valdn":""},
        
            {"text":"नाही","value":"No","valdn":""},
        
            {"text":"माहीती नाही","value":"Don't know","valdn":""}
        
        ],
        "image":"",
        "lookup":{
        
        },
        "metadata":{
                
                },
        "crossFlow":[
        
        {"entity":"death","field":"age_value","ref":"deathId","condition":"age_value>=0 && age_value<0.079","whereCondition":""}
        
        ],
        "crossCheck":{
        
        },
        "help":""
        },



        {
        "name":"vaginalBleeding",
        "type":"radio",
        "valdn":"required",
        "label":"या गर्भावस्थेच्या शेवटच्या तीन महिन्यात  परंतु  प्रसुतीपूर्व  तू/बाळाची आई च्या योनीमार्गातून रक्त स्त्राव होत  होता का?",
        "flow":"",
        "value":"",
        "items":[
        
            {"text":"होय","value":"Yes","valdn":""},
        
            {"text":"नाही","value":"No","valdn":""},
        
            {"text":"माहीती नाही","value":"Don't know","valdn":""}
        
        ],
        "image":"",
        "lookup":{
        
        },
        "metadata":{
                
                },
        "crossFlow":[
        
        {"entity":"death","field":"age_value","ref":"deathId","condition":"age_value>=0 && age_value<0.079","whereCondition":""}
        
        ],
        "crossCheck":{
        
        },
        "help":""
        },



        {
        "name":"motherAlive",
        "type":"radio",
        "valdn":"required",
        "label":"आई अजून जिवंत आहे का?",
        "flow":"",
        "value":"",
        "items":[
        
            {"text":"होय","value":"Yes","valdn":""},
        
            {"text":"नाही","value":"No","valdn":""},
        
            {"text":"माहीती नाही","value":"Don't know","valdn":""}
        
        ],
        "image":"",
        "lookup":{
        
        },
        "metadata":{
                
                },
        "crossFlow":[
        
        {"entity":"death","field":"age_value","ref":"deathId","condition":"age_value >=0 && age_value<15","whereCondition":""}
        
        ],
        "crossCheck":{
        
        },
        "help":""
        },



        {
        "name":"motherDeath",
        "type":"radio",
        "valdn":"required",
        "label":"आईचा प्रसूतीदरम्यान  वा प्रसुतीनंतर मृत्यू झाला का?",
        "flow":"data.motherAlive=='No' || data.motherAlive=='Dont know'",
        "value":"",
        "items":[
        
            {"text":"होय","value":"Yes","valdn":""},
        
            {"text":"नाही","value":"No","valdn":""},
        
            {"text":"माहीती नाही","value":"Don't know","valdn":""}
        
        ],
        "image":"",
        "lookup":{
        
        },
        "metadata":{
                
                },
        "crossFlow":[
        
        {"entity":"death","field":"age_value","ref":"deathId","condition":"age_value >=0 && age_value<15","whereCondition":""}
        
        ],
        "crossCheck":{
        
        },
        "help":""
        },



        {
        "name":"durationMotherDeath",
        "type":"select_text",
        "valdn":"required",
        "label":"प्रसुतीनंतर किती वेळाने आईचा  मृत्यू झाला ?",
        "flow":"(data.motherAlive=='No' || data.motherAlive=='Dont know' ) && data.motherDeath=='Yes'",
        "value":"",
        "items":[
        
            {"text":"दिवस","value":"Days","valdn":"between[1:31],required"},
        
            {"text":"महिने","value":"Months","valdn":"between[1:12],required"}
        
        ],
        "image":"",
        "lookup":{
        
        },
        "metadata":{
                
                },
        "crossFlow":[
        
        {"entity":"death","field":"age_value","ref":"deathId","condition":"age_value >=0 && age_value<15","whereCondition":""}
        
        ],
        "crossCheck":{
        
        },
        "help":""
        }



]
}