{
"schemaName":"enum.eslDetail.chestPain",
"onSave":"",
"condition":"",
"success":"",
"fail":"",
"crossEntity":"",
"properties":[


        {
        "name":"datastore",
        "type":"hidden",
        "valdn":"",
        "label":"",
        "flow":"",
        "value":"chestPain",
        "items":[
        
        ],
        "image":"",
        "lookup":{
        
        },
        "metadata":{
                
                },
        "crossFlow":[
        
        ],
        "crossCheck":{
        
        },
        "help":""
        },



        {
        "name":"deathId",
        "type":"hidden",
        "valdn":"",
        "label":"",
        "flow":"",
        "value":"$stateParams.deathId",
        "items":[
        
        ],
        "image":"",
        "lookup":{
        
        },
        "metadata":{
                
                },
        "crossFlow":[
        
        ],
        "crossCheck":{
        
        },
        "help":""
        },



        {
        "name":"starttime",
        "type":"hidden",
        "valdn":"",
        "label":"",
        "flow":"",
        "value":"timestamp",
        "items":[
        
        ],
        "image":"",
        "lookup":{
        
        },
        "metadata":{
                
                },
        "crossFlow":[
        
        ],
        "crossCheck":{
        
        },
        "help":""
        },



        {
        "name":"",
        "type":"heading",
        "valdn":"",
        "label":"Chest Pain",
        "flow":"",
        "value":"",
        "items":[
        
        ],
        "image":"",
        "lookup":{
        
        },
        "metadata":{
                
                },
        "crossFlow":[
        
        {"entity":"death","field":"age_value","ref":"deathId","condition":"age_value>=5","whereCondition":""}
        
        ],
        "crossCheck":{
        
        },
        "help":""
        },



        {
        "name":"chestPain",
        "type":"radio",
        "valdn":"required",
        "label":"Did s/he [name] experience pain in the chest in the month preceding death?",
        "flow":"",
        "value":"",
        "items":[
        
            {"text":"Yes","value":"Yes","valdn":""},
        
            {"text":"No","value":"No","valdn":""},
        
            {"text":"Don't know","value":"Don't know","valdn":""}
        
        ],
        "image":"",
        "lookup":{
        
        },
        "metadata":{
                
                },
        "crossFlow":[
        
        {"entity":"death","field":"age_value","ref":"deathId","condition":"age_value>=5","whereCondition":""}
        
        ],
        "crossCheck":{
        
        },
        "help":""
        },



        {
        "name":"durationChestPain",
        "type":"radio",
        "valdn":"required",
        "label":"How long was each (on average) episode of pain?",
        "flow":"data.chestPain=='Yes'",
        "value":"",
        "items":[
        
            {"text":"Less than 30 minutes","value":"Less than 30 minutes","valdn":""},
        
            {"text":"30 minutes - 24 hours","value":"30 minutes - 24 hours","valdn":""},
        
            {"text":"Greater than 24 hours","value":"Greater than 24 hours","valdn":""},
        
            {"text":"Don't know ","value":"Don't know ","valdn":""}
        
        ],
        "image":"",
        "lookup":{
        
        },
        "metadata":{
                
                },
        "crossFlow":[
        
        {"entity":"death","field":"age_value","ref":"deathId","condition":"age_value>=5","whereCondition":""}
        
        ],
        "crossCheck":{
        
            "entity":"death",
            "field":"age_value",
            "ref":"deathId",
            "condition":"between[1:{value}],required"
        
        },
        "help":""
        },



        {
        "name":"phyActivity",
        "type":"radio",
        "valdn":"required",
        "label":"Did the pain occured during physical activity?",
        "flow":"data.chestPain=='Yes'",
        "value":"",
        "items":[
        
            {"text":"Yes","value":"Yes","valdn":""},
        
            {"text":"No","value":"No","valdn":""},
        
            {"text":"Don't know","value":"Don't know","valdn":""}
        
        ],
        "image":"",
        "lookup":{
        
        },
        "metadata":{
                
                },
        "crossFlow":[
        
        {"entity":"death","field":"age_value","ref":"deathId","condition":"age_value>=5","whereCondition":""}
        
        ],
        "crossCheck":{
        
        },
        "help":""
        },



        {
        "name":"painLocated",
        "type":"radio",
        "valdn":"required",
        "label":"Where was the pain worst?",
        "flow":"data.chestPain=='Yes'",
        "value":"",
        "items":[
        
            {"text":"Upper or middle chest","value":"Upper or middle chest","valdn":""},
        
            {"text":"Lower chest","value":"Lower chest","valdn":""},
        
            {"text":"Left arm","value":"Left arm","valdn":""},
        
            {"text":"Other","value":"Other","valdn":""},
        
            {"text":"Don't know ","value":"Don't know ","valdn":""}
        
        ],
        "image":"",
        "lookup":{
        
        },
        "metadata":{
                
                },
        "crossFlow":[
        
        {"entity":"death","field":"age_value","ref":"deathId","condition":"age_value>=5","whereCondition":""}
        
        ],
        "crossCheck":{
        
        },
        "help":""
        },



        {
        "name":"otherPainLocated",
        "type":"text",
        "valdn":"required",
        "label":"Specify where the pain was.",
        "flow":"data.chestPain=='Yes' && data.painLocated=='Other'",
        "value":"",
        "items":[
        
        ],
        "image":"",
        "lookup":{
        
        },
        "metadata":{
                
                },
        "crossFlow":[
        
        {"entity":"death","field":"age_value","ref":"deathId","condition":"age_value>=5","whereCondition":""}
        
        ],
        "crossCheck":{
        
        },
        "help":""
        },



        {
        "name":"chestpainWith",
        "type":"checkbox",
        "valdn":"required",
        "label":"Was the chest pain accociated with any of the following ",
        "flow":"data.chestPain=='Yes'",
        "value":"",
        "items":[
        
            {"text":"Shortness of breath","value":"Shortness of breath","valdn":""},
        
            {"text":"Vomiting ","value":"Vomiting ","valdn":""},
        
            {"text":"Anxiousness","value":"Anxiousness","valdn":""},
        
            {"text":"Pain radiating to left arm","value":"Pain radiating to left arm","valdn":""},
        
            {"text":"Sweating ","value":"Sweating ","valdn":""}
        
        ],
        "image":"",
        "lookup":{
        
        },
        "metadata":{
                
                },
        "crossFlow":[
        
        {"entity":"death","field":"age_value","ref":"deathId","condition":"age_value>=5","whereCondition":""}
        
        ],
        "crossCheck":{
        
        },
        "help":""
        }



]
}