{
"schemaName":"enum.eslDetail.tobacco",
"onSave":"",
"condition":"",
"success":"",
"fail":"",
"crossEntity":"",
"properties":[


        {
        "name":"datastore",
        "type":"hidden",
        "valdn":"",
        "label":"",
        "flow":"",
        "value":"tobacco",
        "items":[
        
        ],
        "image":"",
        "lookup":{
        
        },
        "metadata":{
                
                },
        "crossFlow":[
        
        ],
        "crossCheck":{
        
        },
        "help":""
        },



        {
        "name":"deathId",
        "type":"hidden",
        "valdn":"",
        "label":"",
        "flow":"",
        "value":"$stateParams.deathId",
        "items":[
        
        ],
        "image":"",
        "lookup":{
        
        },
        "metadata":{
                
                },
        "crossFlow":[
        
        ],
        "crossCheck":{
        
        },
        "help":""
        },



        {
        "name":"starttime",
        "type":"hidden",
        "valdn":"",
        "label":"",
        "flow":"",
        "value":"timestamp",
        "items":[
        
        ],
        "image":"",
        "lookup":{
        
        },
        "metadata":{
                
                },
        "crossFlow":[
        
        ],
        "crossCheck":{
        
        },
        "help":""
        },



        {
        "name":"",
        "type":"heading",
        "valdn":"",
        "label":"Tobacco Consumption ",
        "flow":"",
        "value":"",
        "items":[
        
        ],
        "image":"",
        "lookup":{
        
        },
        "metadata":{
                
                },
        "crossFlow":[
        
        {"entity":"death","field":"age_value","ref":"deathId","condition":"age_value>=15 && age_value<71","whereCondition":""}
        
        ],
        "crossCheck":{
        
        },
        "help":""
        },



        {
        "name":"smokeCigarettes5Yrs",
        "type":"radio",
        "valdn":"required",
        "label":"Did s/he smoke cigarettes within the last 5 years?",
        "flow":"",
        "value":"",
        "items":[
        
            {"text":"Yes","value":"Yes","valdn":""},
        
            {"text":"No","value":"No","valdn":""},
        
            {"text":"Don't know","value":"Don't know","valdn":""}
        
        ],
        "image":"",
        "lookup":{
        
        },
        "metadata":{
                
                },
        "crossFlow":[
        
        {"entity":"death","field":"age_value","ref":"deathId","condition":"age_value>=15 && age_value<71","whereCondition":""}
        
        ],
        "crossCheck":{
        
        },
        "help":""
        },



        {
        "name":"cigarettes",
        "type":"text",
        "valdn":"between[1:99],required",
        "label":"If yes, how many cigarettes per day?",
        "flow":"data.smokeCigarettes5Yrs=='Yes'",
        "value":"",
        "items":[
        
        ],
        "image":"",
        "lookup":{
        
        },
        "metadata":{
                
                },
        "crossFlow":[
        
        {"entity":"death","field":"age_value","ref":"deathId","condition":"age_value>=15 && age_value<71","whereCondition":""}
        
        ],
        "crossCheck":{
        
        },
        "help":""
        },



        {
        "name":"smokeBidis5Yrs",
        "type":"radio",
        "valdn":"required",
        "label":"Did s/he smoke bidis within the last 5 years?",
        "flow":"",
        "value":"",
        "items":[
        
            {"text":"Yes","value":"Yes","valdn":""},
        
            {"text":"No","value":"No","valdn":""},
        
            {"text":"Don't know","value":"Don't know","valdn":""}
        
        ],
        "image":"",
        "lookup":{
        
        },
        "metadata":{
                
                },
        "crossFlow":[
        
        {"entity":"death","field":"age_value","ref":"deathId","condition":"age_value>=15 && age_value<71","whereCondition":""}
        
        ],
        "crossCheck":{
        
        },
        "help":""
        },



        {
        "name":"bidi",
        "type":"text",
        "valdn":"between[1:99],required",
        "label":"If yes, how many bidis per day?",
        "flow":"data.smokeBidis5Yrs=='Yes'",
        "value":"",
        "items":[
        
        ],
        "image":"",
        "lookup":{
        
        },
        "metadata":{
                
                },
        "crossFlow":[
        
        {"entity":"death","field":"age_value","ref":"deathId","condition":"age_value>=15 && age_value<71","whereCondition":""}
        
        ],
        "crossCheck":{
        
        },
        "help":""
        },



        {
        "name":"otherTobacco",
        "type":"radio",
        "valdn":"required",
        "label":"Did the deceased smoke or use tobacco in any other form?",
        "flow":"data.age >= 15",
        "value":"",
        "items":[
        
            {"text":"Yes","value":"Yes","valdn":""},
        
            {"text":"No","value":"No","valdn":""}
        
        ],
        "image":"",
        "lookup":{
        
        },
        "metadata":{
                
                },
        "crossFlow":[
        
        {"entity":"death","field":"age_value","ref":"deathId","condition":"age_value>=15 && age_value<71","whereCondition":""}
        
        ],
        "crossCheck":{
        
        },
        "help":""
        },



        {
        "name":"listOtherTobacco",
        "type":"checkbox",
        "valdn":"required",
        "label":"In what other form did the deceased smoke or use tobacco?",
        "flow":"data.age >= 15 && data.otherTobacco=='Yes'",
        "value":"",
        "items":[
        
            {"text":"Cigar","value":"Cigar","valdn":""},
        
            {"text":"Pipe","value":"Pipe","valdn":""},
        
            {"text":"Hookah","value":"Hookah","valdn":""},
        
            {"text":"Gutkha/Paan Masala with tobacco","value":"Gutkha/Paan Masala with tobacco","valdn":""},
        
            {"text":"Khaini ","value":"Khaini ","valdn":""},
        
            {"text":"Paan with tobacco","value":"Paan with tobacco","valdn":""},
        
            {"text":"Other chewing tobacco ","value":"Other chewing tobacco ","valdn":""},
        
            {"text":"Snuff","value":"Snuff","valdn":""},
        
            {"text":"Other ","value":"Other ","valdn":""}
        
        ],
        "image":"",
        "lookup":{
        
        },
        "metadata":{
                
                },
        "crossFlow":[
        
        {"entity":"death","field":"age_value","ref":"deathId","condition":"age_value>=15 && age_value<71","whereCondition":""}
        
        ],
        "crossCheck":{
        
        },
        "help":""
        },



        {
        "name":"typeOtherTobacco",
        "type":"text",
        "valdn":"required",
        "label":"Specify the other form of tobacco ",
        "flow":"data.age >= 15 && data.listOtherTobacco=='Other'",
        "value":"",
        "items":[
        
        ],
        "image":"",
        "lookup":{
        
        },
        "metadata":{
                
                },
        "crossFlow":[
        
        {"entity":"death","field":"age_value","ref":"deathId","condition":"age_value>=15 && age_value<71","whereCondition":""}
        
        ],
        "crossCheck":{
        
        },
        "help":""
        },



        {
        "name":"alcohol",
        "type":"radio",
        "valdn":"required",
        "label":"Did s/he normally drink alcohol (use local term) at least once a week during most weeks?",
        "flow":"",
        "value":"",
        "items":[
        
            {"text":"Yes","value":"Yes","valdn":""},
        
            {"text":"No","value":"No","valdn":""},
        
            {"text":"Don't know","value":"Don't know","valdn":""}
        
        ],
        "image":"",
        "lookup":{
        
        },
        "metadata":{
                
                },
        "crossFlow":[
        
        {"entity":"death","field":"age_value","ref":"deathId","condition":"age_value>=15 && age_value<71","whereCondition":""}
        
        ],
        "crossCheck":{
        
        },
        "help":""
        },



        {
        "name":"avegDrinkDay",
        "type":"text",
        "valdn":"between[1:7],required",
        "label":"If yes, what was the average no.of days per week s/he drank?",
        "flow":"data.alcohol=='Yes'",
        "value":"",
        "items":[
        
        ],
        "image":"",
        "lookup":{
        
        },
        "metadata":{
                
                },
        "crossFlow":[
        
        {"entity":"death","field":"age_value","ref":"deathId","condition":"age_value>=15 && age_value<71","whereCondition":""}
        
        ],
        "crossCheck":{
        
        },
        "help":""
        },



        {
        "name":"PureVegStatus",
        "type":"radio",
        "valdn":"required",
        "label":"Was s/he a pure vegetarian (consumed no egg, meat or fish) for the last few years?",
        "flow":"",
        "value":"",
        "items":[
        
            {"text":"Definite Yes","value":"Definite Yes","valdn":""},
        
            {"text":"Definite No","value":"Definite No","valdn":""},
        
            {"text":"Unknown","value":"Unknown","valdn":""}
        
        ],
        "image":"",
        "lookup":{
        
        },
        "metadata":{
                
                },
        "crossFlow":[
        
        {"entity":"death","field":"age_value","ref":"deathId","condition":"age_value>=15 && age_value<71","whereCondition":""}
        
        ],
        "crossCheck":{
        
        },
        "help":""
        }



]
}