{
"schemaName":"enum.visitDetail.basicInf",
"onSave":"",
"condition":"data.hhAvailability=='Available'",
"success":"enum.householdDetail.basicInf",
"fail":"enum.houseDetail.household",
"crossEntity":"",
"properties":[


        {
        "name":"datastore",
        "type":"hidden",
        "valdn":"",
        "label":"",
        "flow":"",
        "value":"enumVisit",
        "items":[
        
        ],
        "image":"",
        "lookup":{
        
        },
        "metadata":{
                
                },
        "crossFlow":[
        
        ],
        "crossCheck":{
        
        },
        "help":""
        },



        {
        "name":"householdId",
        "type":"hidden",
        "valdn":"",
        "label":"",
        "flow":"",
        "value":"$stateParams.householdId",
        "items":[
        
        ],
        "image":"",
        "lookup":{
        
        },
        "metadata":{
                
                },
        "crossFlow":[
        
        ],
        "crossCheck":{
        
        },
        "help":""
        },



        {
        "name":"surveyor",
        "type":"hidden",
        "valdn":"",
        "label":"",
        "flow":"",
        "value":"user.id",
        "items":[
        
        ],
        "image":"",
        "lookup":{
        
        },
        "metadata":{
                
                },
        "crossFlow":[
        
        ],
        "crossCheck":{
        
        },
        "help":""
        },



        {
        "name":"hhAvailability",
        "type":"radio",
        "valdn":"required",
        "label":"Household Availability",
        "flow":"",
        "value":"",
        "items":[
        
            {"text":"Available","value":"Available","valdn":""},
        
            {"text":"No Household member at home or no competent respondent at home at the time of visit","value":"TempAbsent","valdn":""},
        
            {"text":"Entire household was absent for extended period (atleast for 3 days) of time","value":"PermAbsent","valdn":""},
        
            {"text":"Postponed","value":"Postponed","valdn":""},
        
            {"text":"Refused","value":"Refused","valdn":""}
        
        ],
        "image":"",
        "lookup":{
        
        },
        "metadata":{
                
                },
        "crossFlow":[
        
        ],
        "crossCheck":{
        
        },
        "help":""
        }



]
}