{
"schemaName":"enum.eslDetail.injury",
"onSave":"",
"condition":"",
"success":"",
"fail":"",
"crossEntity":"",
"properties":[


        {
        "name":"datastore",
        "type":"hidden",
        "valdn":"",
        "label":"",
        "flow":"",
        "value":"injury",
        "items":[
        
        ],
        "image":"",
        "lookup":{
        
        },
        "metadata":{
                
                },
        "crossFlow":[
        
        ],
        "crossCheck":{
        
        },
        "help":""
        },



        {
        "name":"deathId",
        "type":"hidden",
        "valdn":"",
        "label":"",
        "flow":"",
        "value":"$stateParams.deathId",
        "items":[
        
        ],
        "image":"",
        "lookup":{
        
        },
        "metadata":{
                
                },
        "crossFlow":[
        
        ],
        "crossCheck":{
        
        },
        "help":""
        },



        {
        "name":"starttime",
        "type":"hidden",
        "valdn":"",
        "label":"",
        "flow":"",
        "value":"timestamp",
        "items":[
        
        ],
        "image":"",
        "lookup":{
        
        },
        "metadata":{
                
                },
        "crossFlow":[
        
        ],
        "crossCheck":{
        
        },
        "help":""
        },



        {
        "name":"",
        "type":"heading",
        "valdn":"",
        "label":"Injury",
        "flow":"",
        "value":"",
        "items":[
        
        ],
        "image":"",
        "lookup":{
        
        },
        "metadata":{
                
                },
        "crossFlow":[
        
        ],
        "crossCheck":{
        
        },
        "help":""
        },



        {
        "name":"injury",
        "type":"radio",
        "valdn":"required",
        "label":"Did s/he  [name] suffer from any injury or accident that led to her/his death?",
        "flow":"",
        "value":"",
        "items":[
        
            {"text":"Yes","value":"Yes","valdn":""},
        
            {"text":"No","value":"No","valdn":""},
        
            {"text":"Don't know","value":"Don't know","valdn":""}
        
        ],
        "image":"",
        "lookup":{
        
        },
        "metadata":{
                
                },
        "crossFlow":[
        
        ],
        "crossCheck":{
        
        },
        "help":""
        },



        {
        "name":"kindAccident",
        "type":"radio",
        "valdn":"required",
        "label":"Was it?",
        "flow":"data.injury=='Yes'",
        "value":"",
        "items":[
        
            {"text":"Road traffic accident","value":"Road traffic accident","valdn":""},
        
            {"text":"Falls","value":"Falls","valdn":""},
        
            {"text":"Fall of objects","value":"Fall of objects","valdn":""},
        
            {"text":"Burns","value":"Burns","valdn":""},
        
            {"text":"Drowning","value":"Drowning","valdn":""},
        
            {"text":"Poisoning","value":"Poisoning","valdn":""},
        
            {"text":"Bite/sting","value":"Bite/sting","valdn":""},
        
            {"text":"Natural disaster","value":"Natural disaster","valdn":""},
        
            {"text":"Homicide/assault","value":"Homicide/assault","valdn":""},
        
            {"text":"Unknown","value":"Unknown","valdn":""}
        
        ],
        "image":"",
        "lookup":{
        
        },
        "metadata":{
                
                },
        "crossFlow":[
        
        {"entity":"death","field":"age_value","ref":"deathId","condition":"age_value >=0 && age_value<15","whereCondition":""}
        
        ],
        "crossCheck":{
        
        },
        "help":""
        },



        {
        "name":"kindAccidentSuicide",
        "type":"radio",
        "valdn":"required",
        "label":"Was it?",
        "flow":"data.injury=='Yes'",
        "value":"",
        "items":[
        
            {"text":"Road traffic accident","value":"Road traffic accident","valdn":""},
        
            {"text":"Suicide ","value":"Suicide ","valdn":""},
        
            {"text":"Homicide/assault","value":"Homicide/assault","valdn":""},
        
            {"text":"Falls","value":"Falls","valdn":""},
        
            {"text":"Fall of objects","value":"Fall of objects","valdn":""},
        
            {"text":"Burns","value":"Burns","valdn":""},
        
            {"text":"Drowning","value":"Drowning","valdn":""},
        
            {"text":"Poisoning","value":"Poisoning","valdn":""},
        
            {"text":"Bite/sting","value":"Bite/sting","valdn":""},
        
            {"text":"Natural disaster","value":"Natural disaster","valdn":""},
        
            {"text":"Unknown","value":"Unknown","valdn":""}
        
        ],
        "image":"",
        "lookup":{
        
        },
        "metadata":{
                
                },
        "crossFlow":[
        
        {"entity":"death","field":"age_value","ref":"deathId","condition":"age_value>=15 && age_value<71","whereCondition":""}
        
        ],
        "crossCheck":{
        
        },
        "help":""
        },



        {
        "name":"causeRta",
        "type":"radio",
        "valdn":"required",
        "label":"If it was a road traffic accident, was the deseased? ",
        "flow":"data.kindAccidentSuicide=='Road traffic accident' || data.kindAccident=='Road traffic accident'",
        "value":"",
        "items":[
        
            {"text":"Pedestrian","value":"Pedestrian","valdn":""},
        
            {"text":"Pedal cyclist","value":"Pedal cyclist","valdn":""},
        
            {"text":"Motor cycle rider","value":"Motor cyclist","valdn":""},
        
            {"text":"3 wheeler, car/ truck, van ","value":"3 wheeler, car/ truck, van ","valdn":""}
        
        ],
        "image":"",
        "lookup":{
        
        },
        "metadata":{
                
                },
        "crossFlow":[
        
        {"entity":"death","field":"age_value","ref":"deathId","condition":"age_value>=5","whereCondition":""}
        
        ],
        "crossCheck":{
        
        },
        "help":""
        },



        {
        "name":"surviveAfterInjury",
        "type":"select_text",
        "valdn":"required",
        "label":"For how long did s/he  [name] survive after the injury? ",
        "flow":"data.injury=='Yes'",
        "value":"",
        "items":[
        
            {"text":"Days","value":"Days","valdn":"between[1:31],required"},
        
            {"text":"Months","value":"Months","valdn":"between[1:12],required"},
        
            {"text":"Years","value":"Years","valdn":"between[1:120],required"}
        
        ],
        "image":"",
        "lookup":{
        
        },
        "metadata":{
                
                },
        "crossFlow":[
        
        ],
        "crossCheck":{
        
            "entity":"death",
            "field":"age_value",
            "ref":"deathId",
            "condition":"between[1:{value}],required"
        
        },
        "help":""
        }



]
}