{
"schemaName":"enum.eslDetail.weight",
"onSave":"",
"condition":"",
"success":"",
"fail":"",
"crossEntity":"",
"properties":[


        {
        "name":"datastore",
        "type":"hidden",
        "valdn":"",
        "label":"",
        "flow":"",
        "value":"weight",
        "items":[
        
        ],
        "image":"",
        "lookup":{
        
        },
        "metadata":{
                
                },
        "crossFlow":[
        
        ],
        "crossCheck":{
        
        },
        "help":""
        },



        {
        "name":"deathId",
        "type":"hidden",
        "valdn":"",
        "label":"",
        "flow":"",
        "value":"$stateParams.deathId",
        "items":[
        
        ],
        "image":"",
        "lookup":{
        
        },
        "metadata":{
                
                },
        "crossFlow":[
        
        ],
        "crossCheck":{
        
        },
        "help":""
        },



        {
        "name":"starttime",
        "type":"hidden",
        "valdn":"",
        "label":"",
        "flow":"",
        "value":"timestamp",
        "items":[
        
        ],
        "image":"",
        "lookup":{
        
        },
        "metadata":{
                
                },
        "crossFlow":[
        
        ],
        "crossCheck":{
        
        },
        "help":""
        },



        {
        "name":"",
        "type":"heading",
        "valdn":"",
        "label":"Weight",
        "flow":"",
        "value":"",
        "items":[
        
        ],
        "image":"",
        "lookup":{
        
        },
        "metadata":{
                
                },
        "crossFlow":[
        
        {"entity":"death","field":"age_value","ref":"deathId","condition":"age_value>0.077","whereCondition":""}
        
        ],
        "crossCheck":{
        
        },
        "help":""
        },



        {
        "name":"wgtLoss",
        "type":"radio",
        "valdn":"required",
        "label":"During the illness that led to death, Did s/he [name] have noticeable weight loss?",
        "flow":"",
        "value":"",
        "items":[
        
            {"text":"Yes","value":"Yes","valdn":""},
        
            {"text":"No","value":"No","valdn":""},
        
            {"text":"Don't know","value":"Don't know","valdn":""}
        
        ],
        "image":"",
        "lookup":{
        
        },
        "metadata":{
                
                },
        "crossFlow":[
        
        {"entity":"death","field":"age_value","ref":"deathId","condition":"age_value>0.077","whereCondition":""}
        
        ],
        "crossCheck":{
        
        },
        "help":""
        },



        {
        "name":"amountWgtLoss",
        "type":"text",
        "valdn":"required",
        "label":"How much was the weight loss (Kgs)",
        "flow":"data.wgtLoss=='Yes'",
        "value":"",
        "items":[
        
        ],
        "image":"",
        "lookup":{
        
        },
        "metadata":{
                
                },
        "crossFlow":[
        
        {"entity":"death","field":"age_value","ref":"deathId","condition":"age_value>0.077","whereCondition":""}
        
        ],
        "crossCheck":{
        
        },
        "help":""
        },



        {
        "name":"thin",
        "type":"radio",
        "valdn":"required",
        "label":"Was s/he [name] severely thin or wasted?",
        "flow":"data.wgtLoss=='Yes'",
        "value":"",
        "items":[
        
            {"text":"Yes","value":"Yes","valdn":""},
        
            {"text":"No","value":"No","valdn":""},
        
            {"text":"Don't know","value":"Don't know","valdn":""}
        
        ],
        "image":"",
        "lookup":{
        
        },
        "metadata":{
                
                },
        "crossFlow":[
        
        {"entity":"death","field":"age_value","ref":"deathId","condition":"age_value>0.077","whereCondition":""}
        
        ],
        "crossCheck":{
        
        },
        "help":""
        },



        {
        "name":"measureWgtLoss",
        "type":"radio",
        "valdn":"required",
        "label":"How substantial was the loss of weight?",
        "flow":"data.wgtLoss=='Yes'",
        "value":"",
        "items":[
        
            {"text":"Slight","value":"Slight","valdn":""},
        
            {"text":"Moderate","value":"Moderate","valdn":""},
        
            {"text":"Large","value":"Large","valdn":""},
        
            {"text":"Don't know ","value":"Don't know ","valdn":""}
        
        ],
        "image":"",
        "lookup":{
        
        },
        "metadata":{
                
                },
        "crossFlow":[
        
        {"entity":"death","field":"age_value","ref":"deathId","condition":"age_value>=5","whereCondition":""}
        
        ],
        "crossCheck":{
        
        },
        "help":""
        },



        {
        "name":"stiffness",
        "type":"radio",
        "valdn":"required",
        "label":"Did s/he [name] have stiffness of the whole body or was unable to open the mouth?",
        "flow":"",
        "value":"",
        "items":[
        
            {"text":"Yes","value":"Yes","valdn":""},
        
            {"text":"No","value":"No","valdn":""},
        
            {"text":"Don't know","value":"Don't know","valdn":""}
        
        ],
        "image":"",
        "lookup":{
        
        },
        "metadata":{
                
                },
        "crossFlow":[
        
        {"entity":"death","field":"age_value","ref":"deathId","condition":"age_value>0.077","whereCondition":""}
        
        ],
        "crossCheck":{
        
        },
        "help":""
        },



        {
        "name":"facePuffiness",
        "type":"radio",
        "valdn":"required",
        "label":"Did s/he [name] have swelling (puffiness) of the face?",
        "flow":"",
        "value":"",
        "items":[
        
            {"text":"Yes","value":"Yes","valdn":""},
        
            {"text":"No","value":"No","valdn":""},
        
            {"text":"Don't know","value":"Don't know","valdn":""}
        
        ],
        "image":"",
        "lookup":{
        
        },
        "metadata":{
                
                },
        "crossFlow":[
        
        {"entity":"death","field":"age_value","ref":"deathId","condition":"age_value>0.077","whereCondition":""}
        
        ],
        "crossCheck":{
        
        },
        "help":""
        },



        {
        "name":"durationFacePuffiness",
        "type":"select_text",
        "valdn":"required",
        "label":"For how long did s/he [name] have puffiness of the face?",
        "flow":"data.facePuffiness=='Yes'",
        "value":"",
        "items":[
        
            {"text":"Days","value":"Days","valdn":"between[1:31],required"},
        
            {"text":"Months","value":"Months","valdn":"between[1:12],required"}
        
        ],
        "image":"",
        "lookup":{
        
        },
        "metadata":{
                
                },
        "crossFlow":[
        
        {"entity":"death","field":"age_value","ref":"deathId","condition":"age_value>0.077","whereCondition":""}
        
        ],
        "crossCheck":{
        
            "entity":"death",
            "field":"age_value",
            "ref":"deathId",
            "condition":"between[1:{value}],required"
        
        },
        "help":""
        },



        {
        "name":"armpitSwelling",
        "type":"radio",
        "valdn":"required",
        "label":"During the illness that led to death, did s/he [name]  have swelling in the armpits?",
        "flow":"",
        "value":"",
        "items":[
        
            {"text":"Yes","value":"Yes","valdn":""},
        
            {"text":"No","value":"No","valdn":""},
        
            {"text":"Don't know","value":"Don't know","valdn":""}
        
        ],
        "image":"",
        "lookup":{
        
        },
        "metadata":{
                
                },
        "crossFlow":[
        
        {"entity":"death","field":"age_value","ref":"deathId","condition":"age_value>0.077","whereCondition":""}
        
        ],
        "crossCheck":{
        
        },
        "help":""
        },



        {
        "name":"legSwelling",
        "type":"radio",
        "valdn":"required",
        "label":"During the illness that led to death, did s/he [name] have swollen legs or feet?",
        "flow":"",
        "value":"",
        "items":[
        
            {"text":"Yes","value":"Yes","valdn":""},
        
            {"text":"No","value":"No","valdn":""},
        
            {"text":"Don't know","value":"Don't know","valdn":""}
        
        ],
        "image":"",
        "lookup":{
        
        },
        "metadata":{
                
                },
        "crossFlow":[
        
        {"entity":"death","field":"age_value","ref":"deathId","condition":"age_value>0.077","whereCondition":""}
        
        ],
        "crossCheck":{
        
        },
        "help":""
        },



        {
        "name":"durationLegSwelling",
        "type":"select_text",
        "valdn":"required",
        "label":"How long did the swelling in the legs or feet last?",
        "flow":"data.legSwelling=='Yes'",
        "value":"",
        "items":[
        
            {"text":"Days","value":"Days","valdn":"between[1:31],required"},
        
            {"text":"Months","value":"Months","valdn":"between[1:12],required"},
        
            {"text":"Years","value":"Years","valdn":"between[1:120],required"}
        
        ],
        "image":"",
        "lookup":{
        
        },
        "metadata":{
                
                },
        "crossFlow":[
        
        {"entity":"death","field":"age_value","ref":"deathId","condition":"age_value>0.077","whereCondition":""}
        
        ],
        "crossCheck":{
        
            "entity":"death",
            "field":"age_value",
            "ref":"deathId",
            "condition":"between[1:{value}],required"
        
        },
        "help":""
        },



        {
        "name":"bothFeetSwollen",
        "type":"radio",
        "valdn":"required",
        "label":"Did s/he [name] have both the legs or feet swollen?",
        "flow":"data.legSwelling=='Yes'",
        "value":"",
        "items":[
        
            {"text":"Yes","value":"Yes","valdn":""},
        
            {"text":"No","value":"No","valdn":""},
        
            {"text":"Don't know","value":"Don't know","valdn":""}
        
        ],
        "image":"",
        "lookup":{
        
        },
        "metadata":{
                
                },
        "crossFlow":[
        
        {"entity":"death","field":"age_value","ref":"deathId","condition":"age_value>0.077","whereCondition":""}
        
        ],
        "crossCheck":{
        
        },
        "help":""
        },



        {
        "name":"bodySwelling",
        "type":"radio",
        "valdn":"required",
        "label":"Did s/he [name] have generalized swelling all over his/her body?",
        "flow":"",
        "value":"",
        "items":[
        
            {"text":"Yes","value":"Yes","valdn":""},
        
            {"text":"No","value":"No","valdn":""},
        
            {"text":"Don't know","value":"Don't know","valdn":""}
        
        ],
        "image":"",
        "lookup":{
        
        },
        "metadata":{
                
                },
        "crossFlow":[
        
        {"entity":"death","field":"age_value","ref":"deathId","condition":"age_value>0.077","whereCondition":""}
        
        ],
        "crossCheck":{
        
        },
        "help":""
        },



        {
        "name":"durationBodySwelling",
        "type":"select_text",
        "valdn":"required",
        "label":"For how long did s/he [name] have generalized swelling all over his/her body?",
        "flow":"data.bodySwelling=='Yes'",
        "value":"",
        "items":[
        
            {"text":"Days","value":"Days","valdn":"between[1:31],required"},
        
            {"text":"Months","value":"Months","valdn":"between[1:12],required"},
        
            {"text":"Years","value":"Years","valdn":"between[1:120],required"}
        
        ],
        "image":"",
        "lookup":{
        
        },
        "metadata":{
                
                },
        "crossFlow":[
        
        {"entity":"death","field":"age_value","ref":"deathId","condition":"age_value>0.077","whereCondition":""}
        
        ],
        "crossCheck":{
        
            "entity":"death",
            "field":"age_value",
            "ref":"deathId",
            "condition":"between[1:{value}],required"
        
        },
        "help":""
        },



        {
        "name":"multiIllness",
        "type":"radio",
        "valdn":"required",
        "label":"Did s/he have multiple illnesses?",
        "flow":"",
        "value":"",
        "items":[
        
            {"text":"Yes","value":"Yes","valdn":""},
        
            {"text":"No","value":"No","valdn":""},
        
            {"text":"Don't know","value":"Don't know","valdn":""}
        
        ],
        "image":"",
        "lookup":{
        
        },
        "metadata":{
                
                },
        "crossFlow":[
        
        {"entity":"death","field":"age_value","ref":"deathId","condition":"age_value>=0.91","whereCondition":""}
        
        ],
        "crossCheck":{
        
        },
        "help":""
        },



        {
        "name":"listMultiIllness",
        "type":"checkbox",
        "valdn":"required",
        "label":"If yes, what were the symptoms associated with these illnesses?(check all that apply)",
        "flow":"data.multiIllness=='Yes'",
        "value":"",
        "items":[
        
            {"text":"Cough","value":"Cough","valdn":""},
        
            {"text":"Diarrhoea","value":"Diarrhoea","valdn":""},
        
            {"text":"Ear discharge","value":"Ear discharge","valdn":""},
        
            {"text":"Fever","value":"Fever","valdn":""},
        
            {"text":"Rashes","value":"Rashes","valdn":""},
        
            {"text":"Other","value":"Other","valdn":""},
        
            {"text":"Unknown","value":"Unknown","valdn":""}
        
        ],
        "image":"",
        "lookup":{
        
        },
        "metadata":{
                
                },
        "crossFlow":[
        
        {"entity":"death","field":"age_value","ref":"deathId","condition":"age_value>=0.91","whereCondition":""}
        
        ],
        "crossCheck":{
        
        },
        "help":""
        },



        {
        "name":"pale",
        "type":"radio",
        "valdn":"required",
        "label":"Did s/he [name]  look pale (thinning/lack of blood) or have pale palms or nail beds?",
        "flow":"",
        "value":"",
        "items":[
        
            {"text":"Yes","value":"Yes","valdn":""},
        
            {"text":"No","value":"No","valdn":""},
        
            {"text":"Don't know","value":"Don't know","valdn":""}
        
        ],
        "image":"",
        "lookup":{
        
        },
        "metadata":{
                
                },
        "crossFlow":[
        
        {"entity":"death","field":"age_value","ref":"deathId","condition":"age_value>=0.91","whereCondition":""}
        
        ],
        "crossCheck":{
        
        },
        "help":""
        },



        {
        "name":"",
        "type":"heading",
        "valdn":"",
        "label":"Lumps",
        "flow":"",
        "value":"",
        "items":[
        
        ],
        "image":"",
        "lookup":{
        
        },
        "metadata":{
                
                },
        "crossFlow":[
        
        {"entity":"death","field":"age_value","ref":"deathId","condition":"age_value>=5","whereCondition":""}
        
        ],
        "crossCheck":{
        
        },
        "help":""
        },



        {
        "name":"lumps",
        "type":"radio",
        "valdn":"required",
        "label":"Did s/he  [name] have any lumps?",
        "flow":"",
        "value":"",
        "items":[
        
            {"text":"Yes","value":"Yes","valdn":""},
        
            {"text":"No","value":"No","valdn":""},
        
            {"text":"Don't know","value":"Don't know","valdn":""}
        
        ],
        "image":"",
        "lookup":{
        
        },
        "metadata":{
                
                },
        "crossFlow":[
        
        {"entity":"death","field":"age_value","ref":"deathId","condition":"age_value>0.077","whereCondition":""}
        
        ],
        "crossCheck":{
        
        },
        "help":""
        },



        {
        "name":"lumpsMouth",
        "type":"radio",
        "valdn":"required",
        "label":"Did s/he  [name] have any lumps or lesions in the mouth? ",
        "flow":"data.lumps=='Yes'",
        "value":"",
        "items":[
        
            {"text":"Yes","value":"Yes","valdn":""},
        
            {"text":"No","value":"No","valdn":""},
        
            {"text":"Don't know","value":"Don't know","valdn":""}
        
        ],
        "image":"",
        "lookup":{
        
        },
        "metadata":{
                
                },
        "crossFlow":[
        
        {"entity":"death","field":"age_value","ref":"deathId","condition":"age_value>0.077","whereCondition":""}
        
        ],
        "crossCheck":{
        
        },
        "help":""
        },



        {
        "name":"lumpsNect",
        "type":"radio",
        "valdn":"required",
        "label":"Did s/he  [name] have any lumps on the neck?",
        "flow":"data.lumps=='Yes'",
        "value":"",
        "items":[
        
            {"text":"Yes","value":"Yes","valdn":""},
        
            {"text":"No","value":"No","valdn":""},
        
            {"text":"Don't know","value":"Don't know","valdn":""}
        
        ],
        "image":"",
        "lookup":{
        
        },
        "metadata":{
                
                },
        "crossFlow":[
        
        {"entity":"death","field":"age_value","ref":"deathId","condition":"age_value>0.077","whereCondition":""}
        
        ],
        "crossCheck":{
        
        },
        "help":""
        },



        {
        "name":"lumpsArmpit",
        "type":"radio",
        "valdn":"required",
        "label":"Did s/he  [name] have any lumps on the armpit?",
        "flow":"data.lumps=='Yes'",
        "value":"",
        "items":[
        
            {"text":"Yes","value":"Yes","valdn":""},
        
            {"text":"No","value":"No","valdn":""},
        
            {"text":"Don't know","value":"Don't know","valdn":""}
        
        ],
        "image":"",
        "lookup":{
        
        },
        "metadata":{
                
                },
        "crossFlow":[
        
        {"entity":"death","field":"age_value","ref":"deathId","condition":"age_value>0.077","whereCondition":""}
        
        ],
        "crossCheck":{
        
        },
        "help":""
        },



        {
        "name":"lumpsGroin",
        "type":"radio",
        "valdn":"required",
        "label":"Did s/he  [name] have any lumps on the groin?",
        "flow":"data.lumps=='Yes'",
        "value":"",
        "items":[
        
            {"text":"Yes","value":"Yes","valdn":""},
        
            {"text":"No","value":"No","valdn":""},
        
            {"text":"Don't know","value":"Don't know","valdn":""}
        
        ],
        "image":"",
        "lookup":{
        
        },
        "metadata":{
                
                },
        "crossFlow":[
        
        {"entity":"death","field":"age_value","ref":"deathId","condition":"age_value>=0.91","whereCondition":""}
        
        ],
        "crossCheck":{
        
        },
        "help":""
        },



        {
        "name":"breastSwell",
        "type":"radio",
        "valdn":"required",
        "label":"Did she [name] have  swelling in the breast?",
        "flow":"data.lumps=='Yes'",
        "value":"",
        "items":[
        
            {"text":"Yes","value":"Yes","valdn":""},
        
            {"text":"No","value":"No","valdn":""},
        
            {"text":"Don't know","value":"Don't know","valdn":""}
        
        ],
        "image":"",
        "lookup":{
        
        },
        "metadata":{
                
                },
        "crossFlow":[
        
        {"entity":"death","field":"age_value","ref":"deathId","condition":"age_value>=12","whereCondition":""},
        
        {"entity":"death","field":"sex","ref":"deathId","condition":"sex=='Female'","whereCondition":""}
        
        ],
        "crossCheck":{
        
        },
        "help":""
        }



]
}