{
"schemaName":"enum.memberDetail.basicInf",
"onSave":"enum.householdDetail.member",
"condition":"",
"success":"",
"fail":"",
"crossEntity":"",
"properties":[


        {
        "name":"datastore",
        "type":"hidden",
        "valdn":"",
        "label":"",
        "flow":"",
        "value":"member",
        "items":[
        
        ],
        "image":"",
        "lookup":{
        
        },
        "metadata":{
                
                },
        "crossFlow":[
        
        ],
        "crossCheck":{
        
        },
        "help":""
        },



        {
        "name":"householdId",
        "type":"hidden",
        "valdn":"",
        "label":"",
        "flow":"",
        "value":"$stateParams.householdId",
        "items":[
        
        ],
        "image":"",
        "lookup":{
        
        },
        "metadata":{
                
                },
        "crossFlow":[
        
        ],
        "crossCheck":{
        
        },
        "help":""
        },



        {
        "name":"name",
        "type":"text",
        "valdn":"alpha,minlength[3],required",
        "label":"What is name of the next household member.",
        "flow":"",
        "value":"",
        "items":[
        
        ],
        "image":"",
        "lookup":{
        
        },
        "metadata":{
                
                },
        "crossFlow":[
        
        ],
        "crossCheck":{
        
        },
        "help":""
        },



        {
        "name":"sex",
        "type":"radio",
        "valdn":"required",
        "label":"What is the sex of this household member?",
        "flow":"",
        "value":"",
        "items":[
        
            {"text":"Female","value":"Female","valdn":""},
        
            {"text":"Male","value":"Male","valdn":""},
        
            {"text":"Other","value":"Other","valdn":""}
        
        ],
        "image":"",
        "lookup":{
        
        },
        "metadata":{
                
                },
        "crossFlow":[
        
        ],
        "crossCheck":{
        
        },
        "help":""
        },



        {
        "name":"relationHeadF",
        "type":"radio",
        "valdn":"required",
        "label":"What is the realtionship of this member with head of household?",
        "flow":"data.sex=='Female'",
        "value":"",
        "items":[
        
            {"text":"Head/Self","value":"Head/Self","valdn":""},
        
            {"text":"Wife","value":"Wife","valdn":""},
        
            {"text":"Daughter","value":"Daughter","valdn":""},
        
            {"text":"Daughter-in-law","value":"Daughter-in-law","valdn":""},
        
            {"text":"Grandchild","value":"Grandchild","valdn":""},
        
            {"text":"Mother","value":"Mother","valdn":""},
        
            {"text":"Mother-in-law","value":"Mother-in-law","valdn":""},
        
            {"text":"Sister","value":"Sister","valdn":""},
        
            {"text":"Sister-in-law","value":"Sister-in-law","valdn":""},
        
            {"text":"Niece","value":"Niece","valdn":""},
        
            {"text":"Other relative ","value":"Other relative ","valdn":""},
        
            {"text":"Adopted/Foster/Step-child","value":"Adopted/Foster/Step-child","valdn":""},
        
            {"text":"Domestic servant","value":"Domestic servant","valdn":""},
        
            {"text":"Other not related","value":"Other not related","valdn":""},
        
            {"text":"Don't know","value":"Don't know","valdn":""}
        
        ],
        "image":"",
        "lookup":{
        
        },
        "metadata":{
                
                },
        "crossFlow":[
        
        ],
        "crossCheck":{
        
        },
        "help":""
        },



        {
        "name":"relationHeadM",
        "type":"radio",
        "valdn":"required",
        "label":"What is the realtionship of this member with head of household?",
        "flow":"data.sex=='Male'",
        "value":"",
        "items":[
        
            {"text":"Head/Self","value":"Head/Self","valdn":""},
        
            {"text":"Husband","value":"Husband","valdn":""},
        
            {"text":"Son","value":"Son","valdn":""},
        
            {"text":"Son-in-law","value":"Son-in-law","valdn":""},
        
            {"text":"Grandchild","value":"Grandchild","valdn":""},
        
            {"text":"Father","value":"Father","valdn":""},
        
            {"text":"Father-in-law","value":"Father-in-law","valdn":""},
        
            {"text":"Brother","value":"Brother","valdn":""},
        
            {"text":"Brother-in-law","value":"Brother-in-law","valdn":""},
        
            {"text":"Nephew","value":"Nephew","valdn":""},
        
            {"text":"Other relative ","value":"Other relative ","valdn":""},
        
            {"text":"Adopted/Foster/Step-child","value":"Adopted/Foster/Step-child","valdn":""},
        
            {"text":"Domestic servant","value":"Domestic servant","valdn":""},
        
            {"text":"Other not related","value":"Other not related","valdn":""},
        
            {"text":"Don't know","value":"Don't know","valdn":""}
        
        ],
        "image":"",
        "lookup":{
        
        },
        "metadata":{
                
                },
        "crossFlow":[
        
        ],
        "crossCheck":{
        
        },
        "help":""
        },



        {
        "name":"age",
        "type":"select_text",
        "valdn":"between[1:100],required",
        "label":"How old is the member?",
        "flow":"",
        "value":"",
        "items":[
        
            {"text":"Days","value":"Days","valdn":"between[1:31],required"},
        
            {"text":"Months","value":"Months","valdn":"between[1:12],required"},
        
            {"text":"Years","value":"Years","valdn":"between[1:120],required"}
        
        ],
        "image":"",
        "lookup":{
        
        },
        "metadata":{
                
                },
        "crossFlow":[
        
        ],
        "crossCheck":{
        
        },
        "help":""
        },



        {
        "name":"maritalStatus",
        "type":"radio",
        "valdn":"required",
        "label":"What is her/his current marital status ?",
        "flow":"data.age>=12 && data.age_unit=='Years'",
        "value":"",
        "items":[
        
            {"text":"Currently Married ","value":"Currently Married ","valdn":""},
        
            {"text":"Married, but Guana not performed","value":"Married, but Guana not performed","valdn":""},
        
            {"text":"Widowed","value":"Widowed","valdn":""},
        
            {"text":"Divorced","value":"Divorced","valdn":""},
        
            {"text":"Separated","value":"Separated","valdn":""},
        
            {"text":"Deserted","value":"Deserted","valdn":""},
        
            {"text":"Never Married","value":"Never Married","valdn":""},
        
            {"text":"Don't know","value":"Don't know","valdn":""}
        
        ],
        "image":"",
        "lookup":{
        
        },
        "metadata":{
                
                },
        "crossFlow":[
        
        ],
        "crossCheck":{
        
        },
        "help":""
        },



        {
        "name":"schoolingLevel",
        "type":"radio",
        "valdn":"required",
        "label":"What is the highest standard of schooling s/he has completed?",
        "flow":"data.age >= 5",
        "value":"",
        "items":[
        
            {"text":"Less than 1 year","value":"Less than 1 year","valdn":""},
        
            {"text":"Highest standard completed","value":"Highest standard completed","valdn":""}
        
        ],
        "image":"",
        "lookup":{
        
        },
        "metadata":{
                
                },
        "crossFlow":[
        
        ],
        "crossCheck":{
        
        },
        "help":""
        },



        {
        "name":"standard",
        "type":"text",
        "valdn":"between[1:50],required",
        "label":"Highest standard completed",
        "flow":"data.schoolingLevel=='Highest standard completed'",
        "value":"",
        "items":[
        
        ],
        "image":"",
        "lookup":{
        
        },
        "metadata":{
                
                },
        "crossFlow":[
        
        ],
        "crossCheck":{
        
        },
        "help":""
        },



        {
        "name":"aadharCard",
        "type":"radio",
        "valdn":"required",
        "label":"Whether s/he has an Aadhar card?",
        "flow":"",
        "value":"",
        "items":[
        
            {"text":"Yes","value":"Yes","valdn":""},
        
            {"text":"No","value":"No","valdn":""}
        
        ],
        "image":"",
        "lookup":{
        
        },
        "metadata":{
                
                },
        "crossFlow":[
        
        ],
        "crossCheck":{
        
        },
        "help":""
        }



]
}