{
"schemaName":"enum.deathDetail.basicInf",
"onSave":"enum.householdDetail.death",
"condition":"",
"success":"",
"fail":"",
"crossEntity":"",
"properties":[


        {
        "name":"datastore",
        "type":"hidden",
        "valdn":"",
        "label":"",
        "flow":"",
        "value":"death",
        "items":[
        
        ],
        "image":"",
        "lookup":{
        
        },
        "metadata":{
                
                },
        "crossFlow":[
        
        ],
        "crossCheck":{
        
        },
        "help":""
        },



        {
        "name":"deathId",
        "type":"hidden",
        "valdn":"",
        "label":"",
        "flow":"",
        "value":"$stateParams.deathId",
        "items":[
        
        ],
        "image":"",
        "lookup":{
        
        },
        "metadata":{
                
                },
        "crossFlow":[
        
        ],
        "crossCheck":{
        
        },
        "help":""
        },



        {
        "name":"householdId",
        "type":"hidden",
        "valdn":"",
        "label":"",
        "flow":"",
        "value":"$stateParams.householdId",
        "items":[
        
        ],
        "image":"",
        "lookup":{
        
        },
        "metadata":{
                
                },
        "crossFlow":[
        
        ],
        "crossCheck":{
        
        },
        "help":""
        },



        {
        "name":"houseId",
        "type":"hidden",
        "valdn":"",
        "label":"",
        "flow":"",
        "value":"$stateParams.houseId",
        "items":[
        
        ],
        "image":"",
        "lookup":{
        
        },
        "metadata":{
                
                },
        "crossFlow":[
        
        ],
        "crossCheck":{
        
        },
        "help":""
        },



        {
        "name":"areaId",
        "type":"hidden",
        "valdn":"",
        "label":"",
        "flow":"",
        "value":"$stateParams.areaId",
        "items":[
        
        ],
        "image":"",
        "lookup":{
        
        },
        "metadata":{
                
                },
        "crossFlow":[
        
        ],
        "crossCheck":{
        
        },
        "help":""
        },



        {
        "name":"surveyor",
        "type":"hidden",
        "valdn":"",
        "label":"",
        "flow":"",
        "value":"user.id",
        "items":[
        
        ],
        "image":"",
        "lookup":{
        
        },
        "metadata":{
                
                },
        "crossFlow":[
        
        ],
        "crossCheck":{
        
        },
        "help":""
        },



        {
        "name":"name",
        "type":"text",
        "valdn":"alpha,minlength[3],required",
        "label":"What was the full name of the deceased?",
        "flow":"",
        "value":"",
        "items":[
        
        ],
        "image":"",
        "lookup":{
        
        },
        "metadata":{
                
                },
        "crossFlow":[
        
        ],
        "crossCheck":{
        
        },
        "help":""
        },



        {
        "name":"sex",
        "type":"radio",
        "valdn":"required",
        "label":"What was the sex of the deceased?",
        "flow":"",
        "value":"",
        "items":[
        
            {"text":"Female","value":"Female","valdn":""},
        
            {"text":"Male","value":"Male","valdn":""},
        
            {"text":"Other","value":"Other","valdn":""}
        
        ],
        "image":"",
        "lookup":{
        
        },
        "metadata":{
                
                },
        "crossFlow":[
        
        ],
        "crossCheck":{
        
        },
        "help":""
        },



        {
        "name":"monthod",
        "type":"dropdown",
        "valdn":"required",
        "label":"In what month and year did the deceased (NAME) die?",
        "flow":"",
        "value":"",
        "items":[
        
            {"text":"Don't know","value":"Don't know","valdn":""},
        
            {"text":"Jan","value":"Jan","valdn":""},
        
            {"text":"Feb","value":"Feb","valdn":""},
        
            {"text":"Mar","value":"Mar","valdn":""},
        
            {"text":"Apr","value":"Apr","valdn":""},
        
            {"text":"May","value":"May","valdn":""},
        
            {"text":"Jun","value":"Jun","valdn":""},
        
            {"text":"Jul","value":"Jul","valdn":""},
        
            {"text":"Aug","value":"Aug","valdn":""},
        
            {"text":"Sep","value":"Sep","valdn":""},
        
            {"text":"Oct","value":"Oct","valdn":""},
        
            {"text":"Nov","value":"Nov","valdn":""},
        
            {"text":"Dec","value":"Dec","valdn":""}
        
        ],
        "image":"",
        "lookup":{
        
        },
        "metadata":{
                
                },
        "crossFlow":[
        
        ],
        "crossCheck":{
        
        },
        "help":""
        },



        {
        "name":"yod",
        "type":"dropdown",
        "valdn":"required",
        "label":"",
        "flow":"",
        "value":"",
        "items":[
        
            {"text":"Don't know","value":"Don't know","valdn":""},
        
            {"text":"2010","value":"2010","valdn":""},
        
            {"text":"2011","value":"2011","valdn":""},
        
            {"text":"2012","value":"2012","valdn":""},
        
            {"text":"2013","value":"2013","valdn":""},
        
            {"text":"2014","value":"2014","valdn":""},
        
            {"text":"2015","value":"2015","valdn":""}
        
        ],
        "image":"",
        "lookup":{
        
        },
        "metadata":{
                
                },
        "crossFlow":[
        
        ],
        "crossCheck":{
        
        },
        "help":""
        },



        {
        "name":"mob",
        "type":"dropdown",
        "valdn":"required",
        "label":"In what month and year was the deceased (NAME) born?",
        "flow":"",
        "value":"",
        "items":[
        
            {"text":"Don't know","value":"Don't know","valdn":""},
        
            {"text":"Jan","value":"Jan","valdn":""},
        
            {"text":"Feb","value":"Feb","valdn":""},
        
            {"text":"Mar","value":"Mar","valdn":""},
        
            {"text":"Apr","value":"Apr","valdn":""},
        
            {"text":"May","value":"May","valdn":""},
        
            {"text":"Jun","value":"Jun","valdn":""},
        
            {"text":"Jul","value":"Jul","valdn":""},
        
            {"text":"Aug","value":"Aug","valdn":""},
        
            {"text":"Sep","value":"Sep","valdn":""},
        
            {"text":"Oct","value":"Oct","valdn":""},
        
            {"text":"Nov","value":"Nov","valdn":""},
        
            {"text":"Dec","value":"Dec","valdn":""}
        
        ],
        "image":"",
        "lookup":{
        
        },
        "metadata":{
                
                },
        "crossFlow":[
        
        ],
        "crossCheck":{
        
        },
        "help":""
        },



        {
        "name":"yob",
        "type":"dropdown",
        "valdn":"required",
        "label":"",
        "flow":"",
        "value":"",
        "items":[
        
            {"text":"Don't know","value":"Don't know","valdn":""},
        
            {"text":"1944","value":"1944","valdn":""},
        
            {"text":"1945","value":"1945","valdn":""},
        
            {"text":"1946","value":"1946","valdn":""},
        
            {"text":"1947","value":"1947","valdn":""},
        
            {"text":"1948","value":"1948","valdn":""},
        
            {"text":"1949","value":"1949","valdn":""},
        
            {"text":"1950","value":"1950","valdn":""},
        
            {"text":"1951","value":"1951","valdn":""},
        
            {"text":"1952","value":"1952","valdn":""},
        
            {"text":"1953","value":"1953","valdn":""},
        
            {"text":"1954","value":"1954","valdn":""},
        
            {"text":"1955","value":"1955","valdn":""},
        
            {"text":"1956","value":"1956","valdn":""},
        
            {"text":"1957","value":"1957","valdn":""},
        
            {"text":"1958","value":"1958","valdn":""},
        
            {"text":"1959","value":"1959","valdn":""},
        
            {"text":"1960","value":"1960","valdn":""},
        
            {"text":"1961","value":"1961","valdn":""},
        
            {"text":"1962","value":"1962","valdn":""},
        
            {"text":"1963","value":"1963","valdn":""},
        
            {"text":"1964","value":"1964","valdn":""},
        
            {"text":"1965","value":"1965","valdn":""},
        
            {"text":"1966","value":"1966","valdn":""},
        
            {"text":"1967","value":"1967","valdn":""},
        
            {"text":"1968","value":"1968","valdn":""},
        
            {"text":"1969","value":"1969","valdn":""},
        
            {"text":"1970","value":"1970","valdn":""},
        
            {"text":"1971","value":"1971","valdn":""},
        
            {"text":"1972","value":"1972","valdn":""},
        
            {"text":"1973","value":"1973","valdn":""},
        
            {"text":"1974","value":"1974","valdn":""},
        
            {"text":"1975","value":"1975","valdn":""},
        
            {"text":"1976","value":"1976","valdn":""},
        
            {"text":"1977","value":"1977","valdn":""},
        
            {"text":"1978","value":"1978","valdn":""},
        
            {"text":"1979","value":"1979","valdn":""},
        
            {"text":"1980","value":"1980","valdn":""},
        
            {"text":"1981","value":"1981","valdn":""},
        
            {"text":"1982","value":"1982","valdn":""},
        
            {"text":"1983","value":"1983","valdn":""},
        
            {"text":"1984","value":"1984","valdn":""},
        
            {"text":"1985","value":"1985","valdn":""},
        
            {"text":"1986","value":"1986","valdn":""},
        
            {"text":"1987","value":"1987","valdn":""},
        
            {"text":"1988","value":"1988","valdn":""},
        
            {"text":"1989","value":"1989","valdn":""},
        
            {"text":"1990","value":"1990","valdn":""},
        
            {"text":"1991","value":"1991","valdn":""},
        
            {"text":"1992","value":"1992","valdn":""},
        
            {"text":"1993","value":"1993","valdn":""},
        
            {"text":"1994","value":"1994","valdn":""},
        
            {"text":"1995","value":"1995","valdn":""},
        
            {"text":"1996","value":"1996","valdn":""},
        
            {"text":"1997","value":"1997","valdn":""},
        
            {"text":"1998","value":"1998","valdn":""},
        
            {"text":"1999","value":"1999","valdn":""},
        
            {"text":"2000","value":"2000","valdn":""},
        
            {"text":"2001","value":"2001","valdn":""},
        
            {"text":"2002","value":"2002","valdn":""},
        
            {"text":"2003","value":"2003","valdn":""},
        
            {"text":"2004","value":"2004","valdn":""},
        
            {"text":"2005","value":"2005","valdn":""},
        
            {"text":"2006","value":"2006","valdn":""},
        
            {"text":"2007","value":"2007","valdn":""},
        
            {"text":"2008","value":"2008","valdn":""},
        
            {"text":"2009","value":"2009","valdn":""},
        
            {"text":"2010","value":"2010","valdn":""},
        
            {"text":"2011","value":"2011","valdn":""},
        
            {"text":"2012","value":"2012","valdn":""},
        
            {"text":"2013","value":"2013","valdn":""},
        
            {"text":"2014","value":"2014","valdn":""},
        
            {"text":"2015","value":"2015","valdn":""}
        
        ],
        "image":"",
        "lookup":{
        
        },
        "metadata":{
                
                },
        "crossFlow":[
        
        ],
        "crossCheck":{
        
        },
        "help":""
        },



        {
        "name":"age",
        "type":"select_text",
        "valdn":"required",
        "label":"How old was the deceased (NAME) at the time of death?",
        "flow":"",
        "value":"",
        "items":[
        
            {"text":"Days","value":"Days","valdn":"between[1:31],required"},
        
            {"text":"Months","value":"Months","valdn":"between[1:12],required"},
        
            {"text":"Years","value":"Years","valdn":"between[1:120],required"}
        
        ],
        "image":"",
        "lookup":{
        
        },
        "metadata":{
                
                },
        "crossFlow":[
        
        ],
        "crossCheck":{
        
        },
        "help":""
        },



        {
        "name":"religion",
        "type":"radio",
        "valdn":"required",
        "label":"What is the religion of the deceased?",
        "flow":"",
        "value":"",
        "items":[
        
            {"text":"Hindu","value":"Hindu","valdn":""},
        
            {"text":"Muslim","value":"Muslim","valdn":""},
        
            {"text":"Buddhist","value":"Buddhist","valdn":""},
        
            {"text":"Other religion","value":"Other religion","valdn":""},
        
            {"text":"Don’t know","value":"Don’t know","valdn":""}
        
        ],
        "image":"",
        "lookup":{
        
        },
        "metadata":{
                
                },
        "crossFlow":[
        
        ],
        "crossCheck":{
        
        },
        "help":""
        },



        {
        "name":"religionSpecify",
        "type":"text",
        "valdn":"",
        "label":"Specify the type of religion",
        "flow":"data.religion=='Other religion'",
        "value":"",
        "items":[
        
        ],
        "image":"",
        "lookup":{
        
        },
        "metadata":{
                
                },
        "crossFlow":[
        
        ],
        "crossCheck":{
        
        },
        "help":""
        },



        {
        "name":"caste",
        "type":"radio",
        "valdn":"required",
        "label":"Did the deceased (NAME) belong to a schedule castes, cheduled tribe, other backward class, or none of these?",
        "flow":"",
        "value":"",
        "items":[
        
            {"text":"Schedule Caste","value":"Schedule Caste","valdn":""},
        
            {"text":"Schedule Tribe","value":"Schedule Tribe","valdn":""},
        
            {"text":"Other Backward classes","value":"Other Backward classes","valdn":""},
        
            {"text":"None of Above","value":"None of Above","valdn":""},
        
            {"text":"Don’t Know","value":"Don’t Know","valdn":""}
        
        ],
        "image":"",
        "lookup":{
        
        },
        "metadata":{
                
                },
        "crossFlow":[
        
        ],
        "crossCheck":{
        
        },
        "help":""
        },



        {
        "name":"deathSite",
        "type":"radio",
        "valdn":"required",
        "label":"Where did the death occur?",
        "flow":"",
        "value":"",
        "items":[
        
            {"text":"Govt./Municipal Hospital/Medical College Hospital","value":"Govt./Municipal Hospital/Medical College Hospital","valdn":""},
        
            {"text":"Govt.Vaidya/Hakim/Homeopath (Ayush)","value":"Govt.Vaidya/Hakim/Homeopath (Ayush)","valdn":""},
        
            {"text":"Govt. Dispensary/Clinic","value":"Govt. Dispensary/Clinic","valdn":""},
        
            {"text":"UHC/UHP/UFWC","value":"UHC/UHP/UFWC","valdn":""},
        
            {"text":"CHC/Rural Hosp./Block PHC","value":"CHC/Rural Hosp./Block PHC","valdn":""},
        
            {"text":"PHC/Additional PHC","value":"PHC/Additional PHC","valdn":""},
        
            {"text":"Sub-Centre","value":"Sub-Centre","valdn":""},
        
            {"text":"Govt. Mobile Clinic","value":"Govt. Mobile Clinic","valdn":""},
        
            {"text":"NGO Or Trust Hospital/Clinic","value":"NGO Or Trust Hospital/Clinic","valdn":""},
        
            {"text":"Private Hospital/Clinic/Medical College Hospital","value":"Private Hospital/Clinic/Medical College Hospital","valdn":""},
        
            {"text":"Private Vaidya/Hakim/Homeopath (Ayush)","value":"Private Vaidya/Hakim/Homeopath (Ayush)","valdn":""},
        
            {"text":"Dispensary/Clinic","value":"Dispensary/Clinic","valdn":""},
        
            {"text":"On Way To Health Facility","value":"On Way To Health Facility","valdn":""},
        
            {"text":"At Home","value":"At Home","valdn":""},
        
            {"text":"Elsewhere","value":"Elsewhere","valdn":""},
        
            {"text":"Other Public Health sector","value":"Other Public Health sector","valdn":""},
        
            {"text":"Other Private Health sector","value":"Other Private Health sector","valdn":""},
        
            {"text":"Others","value":"Others","valdn":""}
        
        ],
        "image":"",
        "lookup":{
        
        },
        "metadata":{
                
                },
        "crossFlow":[
        
        ],
        "crossCheck":{
        
        },
        "help":""
        },



        {
        "name":"otherPublicSector",
        "type":"text",
        "valdn":"required",
        "label":"Other public health sector ",
        "flow":"data.deathSite=='Other Public Health Sector'",
        "value":"",
        "items":[
        
        ],
        "image":"",
        "lookup":{
        
        },
        "metadata":{
                
                },
        "crossFlow":[
        
        ],
        "crossCheck":{
        
        },
        "help":""
        },



        {
        "name":"otherPrivateSector",
        "type":"text",
        "valdn":"required",
        "label":"Other private health sector ",
        "flow":"data.deathSite=='Other Private Healthsector'",
        "value":"",
        "items":[
        
        ],
        "image":"",
        "lookup":{
        
        },
        "metadata":{
                
                },
        "crossFlow":[
        
        ],
        "crossCheck":{
        
        },
        "help":""
        },



        {
        "name":"elseWhere",
        "type":"text",
        "valdn":"required",
        "label":"Elsewhere",
        "flow":"data.deathSite=='Elsewhere'",
        "value":"",
        "items":[
        
        ],
        "image":"",
        "lookup":{
        
        },
        "metadata":{
                
                },
        "crossFlow":[
        
        ],
        "crossCheck":{
        
        },
        "help":""
        },



        {
        "name":"others",
        "type":"text",
        "valdn":"required",
        "label":"Others",
        "flow":"data.deathSite=='Others'",
        "value":"",
        "items":[
        
        ],
        "image":"",
        "lookup":{
        
        },
        "metadata":{
                
                },
        "crossFlow":[
        
        ],
        "crossCheck":{
        
        },
        "help":""
        },



        {
        "name":"deathSiteSpecify",
        "type":"text",
        "valdn":"required",
        "label":"Specify the place of death",
        "flow":"data.deathSite=='Other'",
        "value":"",
        "items":[
        
        ],
        "image":"",
        "lookup":{
        
        },
        "metadata":{
                
                },
        "crossFlow":[
        
        ],
        "crossCheck":{
        
        },
        "help":""
        },



        {
        "name":"maritalStatus",
        "type":"radio",
        "valdn":"required",
        "label":"What was the marital status of the deceased?",
        "flow":"data.age_value>=12 && data.age_unit=='Years'",
        "value":"",
        "items":[
        
            {"text":"Currently Married ","value":"Currently Married ","valdn":""},
        
            {"text":"Married, but Guana not performed","value":"Married, but Guana not performed","valdn":""},
        
            {"text":"Widowed","value":"Widowed","valdn":""},
        
            {"text":"Divorced","value":"Divorced","valdn":""},
        
            {"text":"Separated","value":"Separated","valdn":""},
        
            {"text":"Deserted","value":"Deserted","valdn":""},
        
            {"text":"Never Married","value":"Never Married","valdn":""},
        
            {"text":"Don't know","value":"Don't know","valdn":""}
        
        ],
        "image":"",
        "lookup":{
        
        },
        "metadata":{
                
                },
        "crossFlow":[
        
        ],
        "crossCheck":{
        
        },
        "help":""
        },



        {
        "name":"schoolAttended",
        "type":"radio",
        "valdn":"required",
        "label":"Had s/he ever attended school?",
        "flow":"data.age_value>=5 && data.age_unit=='Years'",
        "value":"",
        "items":[
        
            {"text":"Yes","value":"Yes","valdn":""},
        
            {"text":"No","value":"No","valdn":""}
        
        ],
        "image":"",
        "lookup":{
        
        },
        "metadata":{
                
                },
        "crossFlow":[
        
        ],
        "crossCheck":{
        
        },
        "help":""
        },



        {
        "name":"schoolingLevel",
        "type":"radio",
        "valdn":"required",
        "label":"What was the highest standard of schooling completed by the deceased?",
        "flow":"data.age_value>=5 && data.age_unit=='Years'",
        "value":"",
        "items":[
        
            {"text":"Less than 1 year","value":"Less than 1 year","valdn":""},
        
            {"text":"Highest standard completed","value":"Highest standard completed","valdn":""}
        
        ],
        "image":"",
        "lookup":{
        
        },
        "metadata":{
                
                },
        "crossFlow":[
        
        ],
        "crossCheck":{
        
        },
        "help":""
        },



        {
        "name":"standard",
        "type":"text",
        "valdn":"between[1:50],required",
        "label":"Highest standard completed",
        "flow":"data.schoolingLevel=='Highest standard completed'",
        "value":"",
        "items":[
        
        ],
        "image":"",
        "lookup":{
        
        },
        "metadata":{
                
                },
        "crossFlow":[
        
        ],
        "crossCheck":{
        
        },
        "help":""
        },



        {
        "name":"readWrite",
        "type":"radio",
        "valdn":"required",
        "label":"Was s/he able to read and write?",
        "flow":"data.age_value>=5 && data.age_unit=='Years' && data.standard<=10",
        "value":"",
        "items":[
        
            {"text":"Yes","value":"Yes","valdn":""},
        
            {"text":"No","value":"No","valdn":""},
        
            {"text":"Don't know","value":"Don't know","valdn":""}
        
        ],
        "image":"",
        "lookup":{
        
        },
        "metadata":{
                
                },
        "crossFlow":[
        
        ],
        "crossCheck":{
        
        },
        "help":""
        },



        {
        "name":"occupation",
        "type":"text",
        "valdn":"required",
        "label":"What was her/his occupation, what kind of work did s/he mainly do?",
        "flow":"data.age_value>=10 && data.age_unit=='Years'",
        "value":"",
        "items":[
        
        ],
        "image":"",
        "lookup":{
        
        },
        "metadata":{
                
                },
        "crossFlow":[
        
        ],
        "crossCheck":{
        
        },
        "help":""
        },



        {
        "name":"relationDeceaseF",
        "type":"radio",
        "valdn":"required",
        "label":"What is your (the respondent's) relationship to the deceased?",
        "flow":"data.sex=='Female'",
        "value":"",
        "items":[
        
            {"text":"Head","value":"Head","valdn":""},
        
            {"text":"Wife","value":"Wife","valdn":""},
        
            {"text":"Daughter","value":"Daughter","valdn":""},
        
            {"text":"Daughter-in-law","value":"Daughter-in-law","valdn":""},
        
            {"text":"Grandchild","value":"Grandchild","valdn":""},
        
            {"text":"Mother","value":"Mother","valdn":""},
        
            {"text":"Mother-in-law","value":"Mother-in-law","valdn":""},
        
            {"text":"Sister","value":"Sister","valdn":""},
        
            {"text":"Sister-in-law","value":"Sister-in-law","valdn":""},
        
            {"text":"Niece","value":"Niece","valdn":""},
        
            {"text":"Other relative ","value":"Other relative ","valdn":""},
        
            {"text":"Adopted/Foster/Step-child","value":"Adopted/Foster/Step-child","valdn":""},
        
            {"text":"Domestic servant","value":"Domestic servant","valdn":""},
        
            {"text":"Other not related","value":"Other not related","valdn":""},
        
            {"text":"Don't know","value":"Don't know","valdn":""}
        
        ],
        "image":"",
        "lookup":{
        
        },
        "metadata":{
                
                },
        "crossFlow":[
        
        ],
        "crossCheck":{
        
        },
        "help":""
        },



        {
        "name":"relationDeceaseM",
        "type":"radio",
        "valdn":"required",
        "label":"What is your (the respondent's) relationship to the deceased?",
        "flow":"data.sex=='Male'",
        "value":"",
        "items":[
        
            {"text":"Head","value":"Head","valdn":""},
        
            {"text":"Husband","value":"Husband","valdn":""},
        
            {"text":"Son","value":"Son","valdn":""},
        
            {"text":"Son-in-law","value":"Son-in-law","valdn":""},
        
            {"text":"Grandchild","value":"Grandchild","valdn":""},
        
            {"text":"Father","value":"Father","valdn":""},
        
            {"text":"Father-in-law","value":"Father-in-law","valdn":""},
        
            {"text":"Brother","value":"Brother","valdn":""},
        
            {"text":"Brother-in-law","value":"Brother-in-law","valdn":""},
        
            {"text":"Nephew","value":"Nephew","valdn":""},
        
            {"text":"Other relative ","value":"Other relative ","valdn":""},
        
            {"text":"Adopted/Foster/Step-child","value":"Adopted/Foster/Step-child","valdn":""},
        
            {"text":"Domestic servant","value":"Domestic servant","valdn":""},
        
            {"text":"Other not related","value":"Other not related","valdn":""},
        
            {"text":"Don't know","value":"Don't know","valdn":""}
        
        ],
        "image":"",
        "lookup":{
        
        },
        "metadata":{
                
                },
        "crossFlow":[
        
        ],
        "crossCheck":{
        
        },
        "help":""
        },



        {
        "name":"respodentThinkCod",
        "type":"text",
        "valdn":"maxlength[100],required",
        "label":"What did the respondent think that this person died of? (Allow the respondent to tell the illness in his or her own words)",
        "flow":"",
        "value":"",
        "items":[
        
        ],
        "image":"",
        "lookup":{
        
        },
        "metadata":{
                
                },
        "crossFlow":[
        
        ],
        "crossCheck":{
        
        },
        "help":""
        },



        {
        "name":"deathPregnant",
        "type":"radio",
        "valdn":"required",
        "label":"Was she either known or suspected to be pregnant or within 42 days of delivery or abortion? (For female deaths aged 15-49 years ask)",
        "flow":"data.age_value>=15 && data.age_value<=49 && data.age_unit=='Years'",
        "value":"",
        "items":[
        
            {"text":"Yes","value":"Yes","valdn":""},
        
            {"text":"No","value":"No","valdn":""}
        
        ],
        "image":"",
        "lookup":{
        
        },
        "metadata":{
                
                },
        "crossFlow":[
        
        {"entity":"death","field":"sex","ref":"deathId","condition":"sex=='Female'","whereCondition":""},
        
        {"entity":"death","field":"age_value","ref":"deathId","condition":"age_value>=15 && age_value<50","whereCondition":""}
        
        ],
        "crossCheck":{
        
        },
        "help":""
        },



        {
        "name":"",
        "type":"heading",
        "valdn":"",
        "label":"Death Registration",
        "flow":"",
        "value":"",
        "items":[
        
        ],
        "image":"",
        "lookup":{
        
        },
        "metadata":{
                
                },
        "crossFlow":[
        
        ],
        "crossCheck":{
        
        },
        "help":""
        },



        {
        "name":"registered",
        "type":"radio",
        "valdn":"required",
        "label":"Whether the death was registered?",
        "flow":"",
        "value":"",
        "items":[
        
            {"text":"Yes","value":"Yes","valdn":""},
        
            {"text":"No","value":"No","valdn":""},
        
            {"text":"Don't know","value":"Don't know","valdn":""}
        
        ],
        "image":"",
        "lookup":{
        
        },
        "metadata":{
                
                },
        "crossFlow":[
        
        ],
        "crossCheck":{
        
        },
        "help":""
        },



        {
        "name":"certificateAvailability",
        "type":"radio",
        "valdn":"required",
        "label":"Do you have his/her death certificate? (Request to show death certificate)",
        "flow":"data.registered=='Yes'",
        "value":"",
        "items":[
        
            {"text":"Yes","value":"Yes","valdn":""},
        
            {"text":"No","value":"No","valdn":""}
        
        ],
        "image":"",
        "lookup":{
        
        },
        "metadata":{
                
                },
        "crossFlow":[
        
        ],
        "crossCheck":{
        
        },
        "help":""
        },



        {
        "name":"dodRegistration",
        "type":"select_singletext",
        "valdn":"between[2010:2015],required",
        "label":"What was the date of death registration?",
        "flow":"data.registered=='Yes'",
        "value":"",
        "items":[
        
            {"text":"Don't know","value":"Don't know","valdn":""},
        
            {"text":"Jan","value":"Jan","valdn":""},
        
            {"text":"Feb","value":"Feb","valdn":""},
        
            {"text":"Mar","value":"Mar","valdn":""},
        
            {"text":"Apr","value":"Apr","valdn":""},
        
            {"text":"May","value":"May","valdn":""},
        
            {"text":"Jun","value":"Jun","valdn":""},
        
            {"text":"Jul","value":"Jul","valdn":""},
        
            {"text":"Aug","value":"Aug","valdn":""},
        
            {"text":"Sep","value":"Sep","valdn":""},
        
            {"text":"Oct","value":"Oct","valdn":""},
        
            {"text":"Nov","value":"Nov","valdn":""},
        
            {"text":"Dec","value":"Dec","valdn":""}
        
        ],
        "image":"",
        "lookup":{
        
        },
        "metadata":{
                
                },
        "crossFlow":[
        
        ],
        "crossCheck":{
        
        },
        "help":""
        },



        {
        "name":"cod",
        "type":"text",
        "valdn":"maxlength[100]",
        "label":"Cause of death ",
        "flow":"data.certificateAvailability=='Yes'",
        "value":"",
        "items":[
        
        ],
        "image":"",
        "lookup":{
        
        },
        "metadata":{
                
                },
        "crossFlow":[
        
        ],
        "crossCheck":{
        
        },
        "help":""
        },



        {
        "name":"uCod",
        "type":"text",
        "valdn":"maxlength[100]",
        "label":"Underlying cause of death in the certificate ",
        "flow":"data.certificateAvailability=='Yes'",
        "value":"",
        "items":[
        
        ],
        "image":"",
        "lookup":{
        
        },
        "metadata":{
                
                },
        "crossFlow":[
        
        ],
        "crossCheck":{
        
        },
        "help":""
        },



        {
        "name":"aadharCard",
        "type":"radio",
        "valdn":"required",
        "label":"Whether deceased had Aadhar card? (Request to show death certificate)",
        "flow":"data.age>=1",
        "value":"",
        "items":[
        
            {"text":"Yes","value":"Yes","valdn":""},
        
            {"text":"No","value":"No","valdn":""}
        
        ],
        "image":"",
        "lookup":{
        
        },
        "metadata":{
                
                },
        "crossFlow":[
        
        ],
        "crossCheck":{
        
        },
        "help":""
        },



        {
        "name":"living",
        "type":"radio",
        "valdn":"required",
        "label":"Did you (the respondent) live with the deceased in the period leading to her/his death?",
        "flow":"",
        "value":"",
        "items":[
        
            {"text":"Yes","value":"Yes","valdn":""},
        
            {"text":"No","value":"No","valdn":""}
        
        ],
        "image":"",
        "lookup":{
        
        },
        "metadata":{
                
                },
        "crossFlow":[
        
        ],
        "crossCheck":{
        
        },
        "help":""
        }



]
}