{
"schemaName":"enum.householdDetail.commonQs",
"onSave":"enum.householdDetail.death",
"condition":"",
"success":"",
"fail":"",
"crossEntity":"",
"properties":[


        {
        "name":"datastore",
        "type":"hidden",
        "valdn":"",
        "label":"",
        "flow":"",
        "value":"commonQs",
        "items":[
        
        ],
        "image":"",
        "lookup":{
        
        },
        "metadata":{
                
                },
        "crossFlow":[
        
        ],
        "crossCheck":{
        
        },
        "help":""
        },



        {
        "name":"householdId",
        "type":"hidden",
        "valdn":"",
        "label":"",
        "flow":"",
        "value":"$stateParams.householdId",
        "items":[
        
        ],
        "image":"",
        "lookup":{
        
        },
        "metadata":{
                
                },
        "crossFlow":[
        
        ],
        "crossCheck":{
        
        },
        "help":""
        },



        {
        "name":"rooms",
        "type":"text",
        "valdn":"between[0:95],required",
        "label":"How many rooms are in the household? (Excluding bath room) ",
        "flow":"",
        "value":"",
        "items":[
        
        ],
        "image":"",
        "lookup":{
        
        },
        "metadata":{
                
                },
        "crossFlow":[
        
        ],
        "crossCheck":{
        
        },
        "help":""
        },



        {
        "name":"kitchen",
        "type":"radio",
        "valdn":"required",
        "label":"Do you have a separate room which is used as a kitchen?",
        "flow":"",
        "value":"",
        "items":[
        
            {"text":"Yes","value":"Yes","valdn":""},
        
            {"text":"No","value":"No","valdn":""},
        
            {"text":"Don't know","value":"Don't know","valdn":""}
        
        ],
        "image":"",
        "lookup":{
        
        },
        "metadata":{
                
                },
        "crossFlow":[
        
        ],
        "crossCheck":{
        
        },
        "help":""
        },



        {
        "name":"householdItems",
        "type":"checkbox",
        "valdn":"required",
        "label":"Which of the following does your household have:",
        "flow":"",
        "value":"",
        "items":[
        
            {"text":"Electricity?","value":"1","valdn":""},
        
            {"text":"A mattress?","value":"2","valdn":""},
        
            {"text":"A pressure cooker?","value":"3","valdn":""},
        
            {"text":"A chair?","value":"4","valdn":""},
        
            {"text":"A cot/bed?","value":"5","valdn":""},
        
            {"text":"A table?","value":"6","valdn":""},
        
            {"text":"An electric fan?","value":"7","valdn":""},
        
            {"text":"A radio/transistor ?","value":"8","valdn":""},
        
            {"text":"A black & white television?","value":"9","valdn":""},
        
            {"text":"A colour television?","value":"10","valdn":""},
        
            {"text":"A sewing machine?","value":"11","valdn":""},
        
            {"text":"A mobile telephone?","value":"12","valdn":""},
        
            {"text":"A land line telephone?","value":"13","valdn":""},
        
            {"text":"Internet?","value":"14","valdn":""},
        
            {"text":"A computer?","value":"15","valdn":""},
        
            {"text":"A refrigerator?","value":"16","valdn":""},
        
            {"text":"An air conditioner/cooler?","value":"17","valdn":""},
        
            {"text":"A washing machine?","value":"18","valdn":""},
        
            {"text":"A watch/clock?","value":"19","valdn":""},
        
            {"text":"A bicycle?","value":"20","valdn":""},
        
            {"text":"A motorcycle/scooter?","value":"21","valdn":""},
        
            {"text":"An animal-drawn cart?","value":"22","valdn":""},
        
            {"text":"A car?","value":"23","valdn":""},
        
            {"text":"A water pump?","value":"24","valdn":""},
        
            {"text":"A thresher?","value":"25","valdn":""},
        
            {"text":"A tractor?","value":"26","valdn":""}
        
        ],
        "image":"",
        "lookup":{
        
        },
        "metadata":{
                
                },
        "crossFlow":[
        
        ],
        "crossCheck":{
        
        },
        "help":""
        },



        {
        "name":"toiletType",
        "type":"radio",
        "valdn":"required",
        "label":"What kind of toilet facility do members of your household usually use?",
        "flow":"",
        "value":"",
        "items":[
        
            {"text":"Flush to piped sewer system","value":"Flush to piped sewer system","valdn":""},
        
            {"text":"Flush to septic tank","value":"Flush to septic tank","valdn":""},
        
            {"text":"Flush to pit latrine","value":"Flush to pit latrine","valdn":""},
        
            {"text":"Flush to somewhere else","value":"Flush to somewhere else","valdn":""},
        
            {"text":"Flush , Don’t know where","value":"Flush , Don’t know where","valdn":""},
        
            {"text":"Ventilated improved system","value":"Ventilated improved system","valdn":""},
        
            {"text":"Pit Latrine with slab","value":"Pit Latrine with slab","valdn":""},
        
            {"text":"Pit Latrine without slab/open pit","value":"Pit Latrine without slab/open pit","valdn":""},
        
            {"text":"Twin Pit/composting toilet ","value":"Twin Pit/composting toilet ","valdn":""},
        
            {"text":"Dry toilet ","value":"Dry toilet ","valdn":""},
        
            {"text":"No Facility /uses open space or field ","value":"No Facility /uses open space or field ","valdn":""},
        
            {"text":"Other","value":"Other","valdn":""}
        
        ],
        "image":"",
        "lookup":{
        
        },
        "metadata":{
                
                },
        "crossFlow":[
        
        ],
        "crossCheck":{
        
        },
        "help":""
        },



        {
        "name":"toiletTypeSpecify",
        "type":"text",
        "valdn":"required",
        "label":"Specify the type of toilet facility used.",
        "flow":"data.toiletType=='Other'",
        "value":"",
        "items":[
        
        ],
        "image":"",
        "lookup":{
        
        },
        "metadata":{
                
                },
        "crossFlow":[
        
        ],
        "crossCheck":{
        
        },
        "help":""
        },



        {
        "name":"cookingEnergy",
        "type":"radio",
        "valdn":"required",
        "label":"What type of fuel does your household mainly use for cooking?",
        "flow":"",
        "value":"",
        "items":[
        
            {"text":"Electricity","value":"Electricity","valdn":""},
        
            {"text":"LPG/Natural gas","value":"LPG/Natural gas","valdn":""},
        
            {"text":"Biogas","value":"Biogas","valdn":""},
        
            {"text":"Kerosene","value":"Kerosene","valdn":""},
        
            {"text":"Coal/Lignite","value":"Coal/Lignite","valdn":""},
        
            {"text":"Charcoal","value":"Charcoal","valdn":""},
        
            {"text":"Wood","value":"Wood","valdn":""},
        
            {"text":"Straw/Shrubs/Grass","value":"Straw/Shrubs/Grass","valdn":""},
        
            {"text":"Agricultural crop waste","value":"Agricultural crop waste","valdn":""},
        
            {"text":"Dung cakes","value":"Dung cakes","valdn":""},
        
            {"text":"No food cooked in household","value":"No food cooked in household","valdn":""},
        
            {"text":"Other","value":"Other","valdn":""}
        
        ],
        "image":"",
        "lookup":{
        
        },
        "metadata":{
                
                },
        "crossFlow":[
        
        ],
        "crossCheck":{
        
        },
        "help":""
        },



        {
        "name":"cookingEnergySpecify",
        "type":"text",
        "valdn":"required",
        "label":"Specify the type of fuel used.",
        "flow":"data.cookingEnergy=='Other'",
        "value":"",
        "items":[
        
        ],
        "image":"",
        "lookup":{
        
        },
        "metadata":{
                
                },
        "crossFlow":[
        
        ],
        "crossCheck":{
        
        },
        "help":""
        },



        {
        "name":"houseType",
        "type":"radio",
        "valdn":"required",
        "label":"Type of House? (By observation)",
        "flow":"",
        "value":"",
        "items":[
        
            {"text":"Pakka","value":"Pakka","valdn":""},
        
            {"text":"Semi pakka","value":"Semi pakka","valdn":""},
        
            {"text":"Kaccha","value":"Kaccha","valdn":""}
        
        ],
        "image":"",
        "lookup":{
        
        },
        "metadata":{
                
                },
        "crossFlow":[
        
        ],
        "crossCheck":{
        
        },
        "help":""
        },



        {
        "name":"drinkingWater",
        "type":"radio",
        "valdn":"required",
        "label":"What is the main source of drinking water for members of your household?",
        "flow":"",
        "value":"",
        "items":[
        
            {"text":"Piped into dwelling ","value":"Piped into dwelling ","valdn":""},
        
            {"text":"Piped to Yard/Plot","value":"Piped to Yard/Plot","valdn":""},
        
            {"text":"Public tab/standpipe","value":"Public tab/standpipe","valdn":""},
        
            {"text":"Tube well or borehole","value":"Tube well or borehole","valdn":""},
        
            {"text":"Protected well","value":"Protected well","valdn":""},
        
            {"text":"Unprotected well","value":"Unprotected well","valdn":""},
        
            {"text":"Protected spring","value":"Protected spring","valdn":""},
        
            {"text":"Unprotected spring","value":"Unprotected spring","valdn":""},
        
            {"text":"Rain water","value":"Rain water","valdn":""},
        
            {"text":"Tanker trunk","value":"Tanker trunk","valdn":""},
        
            {"text":"Cart with small tank","value":"Cart with small tank","valdn":""},
        
            {"text":"Surface water(River/Dam/Lake/Pond/Stream/Canal/Irrigation Channel)","value":"Surface water","valdn":""},
        
            {"text":"Bottled water","value":"Bottled water","valdn":""},
        
            {"text":"Other","value":"Other","valdn":""}
        
        ],
        "image":"",
        "lookup":{
        
        },
        "metadata":{
                
                },
        "crossFlow":[
        
        ],
        "crossCheck":{
        
        },
        "help":""
        },



        {
        "name":"drinkingWaterSpecify",
        "type":"text",
        "valdn":"required",
        "label":"Specify the type of drinking water used.",
        "flow":"data.drinkingWater=='Other'",
        "value":"",
        "items":[
        
        ],
        "image":"",
        "lookup":{
        
        },
        "metadata":{
                
                },
        "crossFlow":[
        
        ],
        "crossCheck":{
        
        },
        "help":""
        },



        {
        "name":"animal",
        "type":"checkbox",
        "valdn":"required",
        "label":"Does your household own any of the following animals?",
        "flow":"",
        "value":"",
        "items":[
        
            {"text":"Cows/Bulls/Buffaloes","value":"Cows/Bulls/Buffaloes","valdn":""},
        
            {"text":"Camels","value":"Camels","valdn":""},
        
            {"text":"Horses/Donkeys/Mules","value":"Horses/Donkeys/Mules","valdn":""},
        
            {"text":"Goats","value":"Goats","valdn":""},
        
            {"text":"Sheep","value":"Sheep","valdn":""},
        
            {"text":"Chickens/Ducks","value":"Chickens/Ducks","valdn":""},
        
            {"text":"Nothing","value":"Nothing","valdn":""}
        
        ],
        "image":"",
        "lookup":{
        
        },
        "metadata":{
                
                },
        "crossFlow":[
        
        ],
        "crossCheck":{
        
        },
        "help":""
        },



        {
        "name":"animalNight",
        "type":"radio",
        "valdn":"required",
        "label":"Where do you usually keep the animals at night?",
        "flow":"data.animal!='Nothing'",
        "value":"",
        "items":[
        
            {"text":"In the house along with household members","value":"In the house along with household members","valdn":""},
        
            {"text":"In the house but separated from household members","value":"In the house but separated from household members","valdn":""},
        
            {"text":"Outside the house","value":"Outside the house","valdn":""},
        
            {"text":"Not applicable","value":"Not applicable","valdn":""}
        
        ],
        "image":"",
        "lookup":{
        
        },
        "metadata":{
                
                },
        "crossFlow":[
        
        ],
        "crossCheck":{
        
        },
        "help":""
        }



]
}