{
"schemaName":"enum.householdDetail.respondent",
"onSave":"enum.householdDetail.member",
"condition":"",
"success":"",
"fail":"",
"crossEntity":"",
"properties":[


        {
        "name":"datastore",
        "type":"hidden",
        "valdn":"",
        "label":"",
        "flow":"",
        "value":"respondent",
        "items":[
        
        ],
        "image":"",
        "lookup":{
        
        },
        "metadata":{
                
                },
        "crossFlow":[
        
        ],
        "crossCheck":{
        
        },
        "help":""
        },



        {
        "name":"householdId",
        "type":"hidden",
        "valdn":"",
        "label":"",
        "flow":"",
        "value":"$stateParams.householdId",
        "items":[
        
        ],
        "image":"",
        "lookup":{
        
        },
        "metadata":{
                
                },
        "crossFlow":[
        
        ],
        "crossCheck":{
        
        },
        "help":""
        },



        {
        "name":"name",
        "type":"text",
        "valdn":"alpha,minlength[3],required",
        "label":"What is your (the respondent's) name?",
        "flow":"",
        "value":"",
        "items":[
        
        ],
        "image":"",
        "lookup":{
        
        },
        "metadata":{
                
                },
        "crossFlow":[
        
        ],
        "crossCheck":{
        
        },
        "help":""
        },



        {
        "name":"sex",
        "type":"radio",
        "valdn":"required",
        "label":"What is your (the respondent's) sex?",
        "flow":"",
        "value":"",
        "items":[
        
            {"text":"Female","value":"Female","valdn":""},
        
            {"text":"Male","value":"Male","valdn":""},
        
            {"text":"Other","value":"Other","valdn":""}
        
        ],
        "image":"",
        "lookup":{
        
        },
        "metadata":{
                
                },
        "crossFlow":[
        
        ],
        "crossCheck":{
        
        },
        "help":""
        },



        {
        "name":"age",
        "type":"text",
        "valdn":"between[15:99],required",
        "label":"How old were you (the respondent) at your last birthday? (Age in complete years)",
        "flow":"",
        "value":"",
        "items":[
        
        ],
        "image":"",
        "lookup":{
        
        },
        "metadata":{
                
                },
        "crossFlow":[
        
        ],
        "crossCheck":{
        
        },
        "help":""
        },



        {
        "name":"relationHeadF",
        "type":"radio",
        "valdn":"required",
        "label":"What is your (the respondent's) relationship to the head of household?",
        "flow":"data.sex=='Female'",
        "value":"",
        "items":[
        
            {"text":"Head/Self","value":"Head/Self","valdn":""},
        
            {"text":"Wife","value":"Wife","valdn":""},
        
            {"text":"Daughter","value":"Daughter","valdn":""},
        
            {"text":"Daughter-in-law","value":"Daughter-in-law","valdn":""},
        
            {"text":"Grandchild","value":"Grandchild","valdn":""},
        
            {"text":"Mother","value":"Mother","valdn":""},
        
            {"text":"Mother-in-law","value":"Mother-in-law","valdn":""},
        
            {"text":"Sister","value":"Sister","valdn":""},
        
            {"text":"Sister-in-law","value":"Sister-in-law","valdn":""},
        
            {"text":"Niece","value":"Niece","valdn":""},
        
            {"text":"Other relative ","value":"Other relative ","valdn":""},
        
            {"text":"Adopted/Foster/Step-child","value":"Adopted/Foster/Step-child","valdn":""},
        
            {"text":"Domestic servant","value":"Domestic servant","valdn":""},
        
            {"text":"Other not related","value":"Other not related","valdn":""},
        
            {"text":"Don't know","value":"Don't know","valdn":""}
        
        ],
        "image":"",
        "lookup":{
        
        },
        "metadata":{
                
                },
        "crossFlow":[
        
        ],
        "crossCheck":{
        
        },
        "help":""
        },



        {
        "name":"relationHeadM",
        "type":"radio",
        "valdn":"required",
        "label":"What is your (the respondent's) relationship to the head of household?",
        "flow":"data.sex=='Male'",
        "value":"",
        "items":[
        
            {"text":"Head/Self","value":"Head/Self","valdn":""},
        
            {"text":"Husband","value":"Husband","valdn":""},
        
            {"text":"Son","value":"Son","valdn":""},
        
            {"text":"Son-in-law","value":"Son-in-law","valdn":""},
        
            {"text":"Grandchild","value":"Grandchild","valdn":""},
        
            {"text":"Father","value":"Father","valdn":""},
        
            {"text":"Father-in-law","value":"Father-in-law","valdn":""},
        
            {"text":"Brother","value":"Brother","valdn":""},
        
            {"text":"Brother-in-law","value":"Brother-in-law","valdn":""},
        
            {"text":"Nephew","value":"Nephew","valdn":""},
        
            {"text":"Other relative ","value":"Other relative ","valdn":""},
        
            {"text":"Adopted/Foster/Step-child","value":"Adopted/Foster/Step-child","valdn":""},
        
            {"text":"Domestic servant","value":"Domestic servant","valdn":""},
        
            {"text":"Other not related","value":"Other not related","valdn":""},
        
            {"text":"Don't know","value":"Don't know","valdn":""}
        
        ],
        "image":"",
        "lookup":{
        
        },
        "metadata":{
                
                },
        "crossFlow":[
        
        ],
        "crossCheck":{
        
        },
        "help":""
        },



        {
        "name":"maritalStatus",
        "type":"radio",
        "valdn":"required",
        "label":"What is your (the repondent's) current marital status?",
        "flow":"",
        "value":"",
        "items":[
        
            {"text":"Currently Married ","value":"Currently Married ","valdn":""},
        
            {"text":"Married, but Guana not performed","value":"Married, but Guana not performed","valdn":""},
        
            {"text":"Widowed","value":"Widowed","valdn":""},
        
            {"text":"Divorced","value":"Divorced","valdn":""},
        
            {"text":"Separated","value":"Separated","valdn":""},
        
            {"text":"Deserted","value":"Deserted","valdn":""},
        
            {"text":"Never Married","value":"Never Married","valdn":""},
        
            {"text":"Don't know","value":"Don't know","valdn":""}
        
        ],
        "image":"",
        "lookup":{
        
        },
        "metadata":{
                
                },
        "crossFlow":[
        
        ],
        "crossCheck":{
        
        },
        "help":""
        },



        {
        "name":"schoolingLevel",
        "type":"radio",
        "valdn":"required",
        "label":"What is your (the respondent's) highest standard of schooling completed?",
        "flow":"",
        "value":"",
        "items":[
        
            {"text":"Less than 1 year","value":"Less than 1 year","valdn":""},
        
            {"text":"Highest standard completed","value":"Highest standard completed","valdn":""}
        
        ],
        "image":"",
        "lookup":{
        
        },
        "metadata":{
                
                },
        "crossFlow":[
        
        ],
        "crossCheck":{
        
        },
        "help":""
        },



        {
        "name":"standard",
        "type":"text",
        "valdn":"between[1:50],required",
        "label":"Highest standard completed",
        "flow":"data.schoolingLevel=='Highest standard completed'",
        "value":"",
        "items":[
        
        ],
        "image":"",
        "lookup":{
        
        },
        "metadata":{
                
                },
        "crossFlow":[
        
        ],
        "crossCheck":{
        
        },
        "help":""
        },



        {
        "name":"aadharCard",
        "type":"radio",
        "valdn":"required",
        "label":"Whether you (the respondent) have an Aadhar card?",
        "flow":"",
        "value":"",
        "items":[
        
            {"text":"Yes","value":"Yes","valdn":""},
        
            {"text":"No","value":"No","valdn":""}
        
        ],
        "image":"",
        "lookup":{
        
        },
        "metadata":{
                
                },
        "crossFlow":[
        
        ],
        "crossCheck":{
        
        },
        "help":""
        },



        {
        "name":"",
        "type":"heading",
        "valdn":"",
        "label":"Tobacco Consumption ",
        "flow":"data.age >= 15",
        "value":"",
        "items":[
        
        ],
        "image":"",
        "lookup":{
        
        },
        "metadata":{
                
                },
        "crossFlow":[
        
        ],
        "crossCheck":{
        
        },
        "help":""
        },



        {
        "name":"smokeCigarettes",
        "type":"radio",
        "valdn":"required",
        "label":"Do you currently smoke cigarettes?",
        "flow":"data.age >= 15",
        "value":"",
        "items":[
        
            {"text":"Yes","value":"Yes","valdn":""},
        
            {"text":"No","value":"No","valdn":""}
        
        ],
        "image":"",
        "lookup":{
        
        },
        "metadata":{
                
                },
        "crossFlow":[
        
        ],
        "crossCheck":{
        
        },
        "help":""
        },



        {
        "name":"noCigarettes24Hrs",
        "type":"text",
        "valdn":"between[0:99],required",
        "label":"In the last 24 hours, how many cigarettes did you smoke?",
        "flow":"data.age >= 15 && data.smokeCigarettes=='Yes'",
        "value":"",
        "items":[
        
        ],
        "image":"",
        "lookup":{
        
        },
        "metadata":{
                
                },
        "crossFlow":[
        
        ],
        "crossCheck":{
        
        },
        "help":""
        },



        {
        "name":"smokeBidis",
        "type":"radio",
        "valdn":"required",
        "label":"Do you currently smoke bidis?",
        "flow":"data.age >= 15",
        "value":"",
        "items":[
        
            {"text":"Yes","value":"Yes","valdn":""},
        
            {"text":"No","value":"No","valdn":""}
        
        ],
        "image":"",
        "lookup":{
        
        },
        "metadata":{
                
                },
        "crossFlow":[
        
        ],
        "crossCheck":{
        
        },
        "help":""
        },



        {
        "name":"noBidis24Hrs",
        "type":"text",
        "valdn":"between[0:99],required",
        "label":"In the last 24 hours, how many bidis did you smoke?",
        "flow":"data.age >= 15 && data.smokeBidis=='Yes'",
        "value":"",
        "items":[
        
        ],
        "image":"",
        "lookup":{
        
        },
        "metadata":{
                
                },
        "crossFlow":[
        
        ],
        "crossCheck":{
        
        },
        "help":""
        },



        {
        "name":"otherTobacco",
        "type":"radio",
        "valdn":"required",
        "label":"Do you currently smoke or use tobacco in any other form?",
        "flow":"data.age >= 15",
        "value":"",
        "items":[
        
            {"text":"Yes","value":"Yes","valdn":""},
        
            {"text":"No","value":"No","valdn":""}
        
        ],
        "image":"",
        "lookup":{
        
        },
        "metadata":{
                
                },
        "crossFlow":[
        
        ],
        "crossCheck":{
        
        },
        "help":""
        },



        {
        "name":"listOtherTobacco",
        "type":"checkbox",
        "valdn":"required",
        "label":"In what other form do you currently smoke or use tobacco?",
        "flow":"data.age >= 15 && data.otherTobacco=='Yes'",
        "value":"",
        "items":[
        
            {"text":"Cigar","value":"Cigar","valdn":""},
        
            {"text":"Pipe","value":"Pipe","valdn":""},
        
            {"text":"Hookah","value":"Hookah","valdn":""},
        
            {"text":"Gutkha/Paan Masala with tobacco","value":"Gutkha/Paan Masala with tobacco","valdn":""},
        
            {"text":"Khaini ","value":"Khaini ","valdn":""},
        
            {"text":"Paan with tobacco","value":"Paan with tobacco","valdn":""},
        
            {"text":"Other chewing tobacco ","value":"Other chewing tobacco ","valdn":""},
        
            {"text":"Snuff","value":"Snuff","valdn":""},
        
            {"text":"Other ","value":"Other ","valdn":""}
        
        ],
        "image":"",
        "lookup":{
        
        },
        "metadata":{
                
                },
        "crossFlow":[
        
        ],
        "crossCheck":{
        
        },
        "help":""
        },



        {
        "name":"typeOtherTobacco",
        "type":"text",
        "valdn":"required",
        "label":"Specify the other form of tobacco ",
        "flow":"data.age >= 15 && data.listOtherTobacco=='Other'",
        "value":"",
        "items":[
        
        ],
        "image":"",
        "lookup":{
        
        },
        "metadata":{
                
                },
        "crossFlow":[
        
        ],
        "crossCheck":{
        
        },
        "help":""
        },



        {
        "name":"alcohol",
        "type":"radio",
        "valdn":"required",
        "label":"Do you drink alcohol?",
        "flow":"data.age >= 15",
        "value":"",
        "items":[
        
            {"text":"Yes","value":"Yes","valdn":""},
        
            {"text":"No","value":"No","valdn":""}
        
        ],
        "image":"",
        "lookup":{
        
        },
        "metadata":{
                
                },
        "crossFlow":[
        
        ],
        "crossCheck":{
        
        },
        "help":""
        },



        {
        "name":"freqAlcoholIntake",
        "type":"radio",
        "valdn":"required",
        "label":"How often do you drink alcohol: almost every day, about once a week or less than once a week?  ",
        "flow":"data.age >= 15 && data.alcohol=='Yes'",
        "value":"",
        "items":[
        
            {"text":"Almost every day","value":"Almost every day","valdn":""},
        
            {"text":"About once a week","value":"About once a week","valdn":""},
        
            {"text":"Less than once a week","value":"Less than once a week","valdn":""}
        
        ],
        "image":"",
        "lookup":{
        
        },
        "metadata":{
                
                },
        "crossFlow":[
        
        ],
        "crossCheck":{
        
        },
        "help":""
        },



        {
        "name":"typeAlcohol",
        "type":"radio",
        "valdn":"required",
        "label":"What type of alcohol do you usually drink? ",
        "flow":"data.age >= 15 && data.alcohol=='Yes'",
        "value":"",
        "items":[
        
            {"text":"Tadi Madi","value":"Tadi Madi","valdn":""},
        
            {"text":"Country liquor ","value":"Country liquor ","valdn":""},
        
            {"text":"Beer","value":"Beer","valdn":""},
        
            {"text":"Wine","value":"Wine","valdn":""},
        
            {"text":"Hard liquor ","value":"Hard liquor ","valdn":""},
        
            {"text":"Other","value":"Other","valdn":""}
        
        ],
        "image":"",
        "lookup":{
        
        },
        "metadata":{
                
                },
        "crossFlow":[
        
        ],
        "crossCheck":{
        
        },
        "help":""
        },



        {
        "name":"typeOtherAlcohol",
        "type":"text",
        "valdn":"required",
        "label":"Specify the other type of drink ",
        "flow":"data.age >= 15 && data.typeAlcohol=='Other'",
        "value":"",
        "items":[
        
        ],
        "image":"",
        "lookup":{
        
        },
        "metadata":{
                
                },
        "crossFlow":[
        
        ],
        "crossCheck":{
        
        },
        "help":""
        },



        {
        "name":"pureVegStatus",
        "type":"radio",
        "valdn":"required",
        "label":"Are you a pure vegetarian (consumed no egg, meat or fish)?",
        "flow":"data.age >= 15",
        "value":"",
        "items":[
        
            {"text":"Definite Yes","value":"Definite Yes","valdn":""},
        
            {"text":"Definite No","value":"Definite No","valdn":""},
        
            {"text":"Unknown","value":"Unknown","valdn":""}
        
        ],
        "image":"",
        "lookup":{
        
        },
        "metadata":{
                
                },
        "crossFlow":[
        
        ],
        "crossCheck":{
        
        },
        "help":""
        },



        {
        "name":"freqFoodHabit",
        "type":"radio",
        "valdn":"required",
        "label":"How often do you yourself eat egg, meat or fish: daily, weekly, occasionally, or never?",
        "flow":"data.pureVegStatus=='Definite No' || data.pureVegStatus=='Unknown'",
        "value":"",
        "items":[
        
            {"text":"Yes daily","value":"Yes daily","valdn":""},
        
            {"text":"Yes weekly","value":"Yes weekly","valdn":""},
        
            {"text":"Yes occasionally or never","value":"Yes occasionally or never","valdn":""}
        
        ],
        "image":"",
        "lookup":{
        
        },
        "metadata":{
                
                },
        "crossFlow":[
        
        ],
        "crossCheck":{
        
        },
        "help":""
        }



]
}