{
"schemaName":"enum.eslDetail.consciousness",
"onSave":"",
"condition":"",
"success":"",
"fail":"",
"crossEntity":"",
"properties":[


        {
        "name":"datastore",
        "type":"hidden",
        "valdn":"",
        "label":"",
        "flow":"",
        "value":"consciousness",
        "items":[
        
        ],
        "image":"",
        "lookup":{
        
        },
        "metadata":{
                
                },
        "crossFlow":[
        
        ],
        "crossCheck":{
        
        },
        "help":""
        },



        {
        "name":"deathId",
        "type":"hidden",
        "valdn":"",
        "label":"",
        "flow":"",
        "value":"$stateParams.deathId",
        "items":[
        
        ],
        "image":"",
        "lookup":{
        
        },
        "metadata":{
                
                },
        "crossFlow":[
        
        ],
        "crossCheck":{
        
        },
        "help":""
        },



        {
        "name":"starttime",
        "type":"hidden",
        "valdn":"",
        "label":"",
        "flow":"",
        "value":"timestamp",
        "items":[
        
        ],
        "image":"",
        "lookup":{
        
        },
        "metadata":{
                
                },
        "crossFlow":[
        
        ],
        "crossCheck":{
        
        },
        "help":""
        },



        {
        "name":"",
        "type":"heading",
        "valdn":"",
        "label":"Consciousness",
        "flow":"",
        "value":"",
        "items":[
        
        ],
        "image":"",
        "lookup":{
        
        },
        "metadata":{
                
                },
        "crossFlow":[
        
        ],
        "crossCheck":{
        
        },
        "help":""
        },



        {
        "name":"unconsciousness",
        "type":"radio",
        "valdn":"required",
        "label":"Did s/he [name] experience a period of loss of consciousness?",
        "flow":"",
        "value":"",
        "items":[
        
            {"text":"Yes","value":"Yes","valdn":""},
        
            {"text":"No","value":"No","valdn":""},
        
            {"text":"Don't know","value":"Don't know","valdn":""}
        
        ],
        "image":"",
        "lookup":{
        
        },
        "metadata":{
                
                },
        "crossFlow":[
        
        ],
        "crossCheck":{
        
        },
        "help":""
        },



        {
        "name":"durationUnCons",
        "type":"radio",
        "valdn":"required",
        "label":"How long before death did unconsciousness start?",
        "flow":"data.unconsciousness=='Yes'",
        "value":"",
        "items":[
        
            {"text":"Less than 6 hours","value":"Less than 6 hours","valdn":""},
        
            {"text":"6-23 hours","value":"6-23 hours","valdn":""},
        
            {"text":"24 hours or more","value":"24 hours or more","valdn":""},
        
            {"text":"Don't know ","value":"Don't know ","valdn":""}
        
        ],
        "image":"",
        "lookup":{
        
        },
        "metadata":{
                
                },
        "crossFlow":[
        
        {"entity":"death","field":"age_value","ref":"deathId","condition":"age_value>0.077","whereCondition":""}
        
        ],
        "crossCheck":{
        
            "entity":"death",
            "field":"age_value",
            "ref":"deathId",
            "condition":"between[1:{value}],required"
        
        },
        "help":""
        },



        {
        "name":"onsetUnCon",
        "type":"radio",
        "valdn":"required",
        "label":"Did the period of loss of consciousness start suddenly or slowly? ",
        "flow":"data.unconsciousness=='Yes'",
        "value":"",
        "items":[
        
            {"text":"Suddenly","value":"Suddenly","valdn":""},
        
            {"text":"Slowly","value":"Slowly","valdn":""},
        
            {"text":"Don't know ","value":"Don't know ","valdn":""}
        
        ],
        "image":"",
        "lookup":{
        
        },
        "metadata":{
                
                },
        "crossFlow":[
        
        {"entity":"death","field":"age_value","ref":"deathId","condition":"age_value>0.077","whereCondition":""}
        
        ],
        "crossCheck":{
        
        },
        "help":""
        },



        {
        "name":"UnConTillDeath",
        "type":"radio",
        "valdn":"required",
        "label":"Did it continue until death?",
        "flow":"data.unconsciousness=='Yes'",
        "value":"",
        "items":[
        
            {"text":"Yes","value":"Yes","valdn":""},
        
            {"text":"No","value":"No","valdn":""},
        
            {"text":"Don't know","value":"Don't know","valdn":""}
        
        ],
        "image":"",
        "lookup":{
        
        },
        "metadata":{
                
                },
        "crossFlow":[
        
        {"entity":"death","field":"age_value","ref":"deathId","condition":"age_value>0.077","whereCondition":""}
        
        ],
        "crossCheck":{
        
        },
        "help":""
        },



        {
        "name":"convulsion",
        "type":"radio",
        "valdn":"required",
        "label":"Did s/he [name] have convulsions or fits?",
        "flow":"",
        "value":"",
        "items":[
        
            {"text":"Yes","value":"Yes","valdn":""},
        
            {"text":"No","value":"No","valdn":""},
        
            {"text":"Don't know","value":"Don't know","valdn":""}
        
        ],
        "image":"",
        "lookup":{
        
        },
        "metadata":{
                
                },
        "crossFlow":[
        
        ],
        "crossCheck":{
        
        },
        "help":""
        },



        {
        "name":"durationConvulsion",
        "type":"select_text",
        "valdn":"between[0:60],required",
        "label":"For how long did the convulsions last? ",
        "flow":"data.convulsion=='Yes'",
        "value":"",
        "items":[
        
            {"text":"Minutes","value":"Minutes","valdn":"between[1:60],required"},
        
            {"text":"Hours","value":"Hours","valdn":"between[1:24],required"}
        
        ],
        "image":"",
        "lookup":{
        
        },
        "metadata":{
                
                },
        "crossFlow":[
        
        {"entity":"death","field":"age_value","ref":"deathId","condition":"age_value>0.077","whereCondition":""}
        
        ],
        "crossCheck":{
        
            "entity":"death",
            "field":"age_value",
            "ref":"deathId",
            "condition":"between[1:{value}],required"
        
        },
        "help":""
        },



        {
        "name":"UnConConvulsion",
        "type":"radio",
        "valdn":"required",
        "label":"Did s/he [name] become unconscious immediately after the convulsion?",
        "flow":"data.convulsion=='Yes'",
        "value":"",
        "items":[
        
            {"text":"Yes","value":"Yes","valdn":""},
        
            {"text":"No","value":"No","valdn":""},
        
            {"text":"Don't know","value":"Don't know","valdn":""}
        
        ],
        "image":"",
        "lookup":{
        
        },
        "metadata":{
                
                },
        "crossFlow":[
        
        {"entity":"death","field":"age_value","ref":"deathId","condition":"age_value>0.077","whereCondition":""}
        
        ],
        "crossCheck":{
        
        },
        "help":""
        },



        {
        "name":"memoryLoss",
        "type":"radio",
        "valdn":"required",
        "label":"Did s/he [name] experience memory loss at any time in the three months prior to death?",
        "flow":"",
        "value":"",
        "items":[
        
            {"text":"Yes","value":"Yes","valdn":""},
        
            {"text":"No","value":"No","valdn":""},
        
            {"text":"Don't know","value":"Don't know","valdn":""}
        
        ],
        "image":"",
        "lookup":{
        
        },
        "metadata":{
                
                },
        "crossFlow":[
        
        {"entity":"death","field":"age_value","ref":"deathId","condition":"age_value>=5","whereCondition":""}
        
        ],
        "crossCheck":{
        
        },
        "help":""
        },



        {
        "name":"",
        "type":"heading",
        "valdn":"",
        "label":"Headache",
        "flow":"",
        "value":"",
        "items":[
        
        ],
        "image":"",
        "lookup":{
        
        },
        "metadata":{
                
                },
        "crossFlow":[
        
        {"entity":"death","field":"age_value","ref":"deathId","condition":"age_value>0.077","whereCondition":""}
        
        ],
        "crossCheck":{
        
        },
        "help":""
        },



        {
        "name":"headache",
        "type":"radio",
        "valdn":"required",
        "label":"Did s/he [name] have headaches?",
        "flow":"",
        "value":"",
        "items":[
        
            {"text":"Yes","value":"Yes","valdn":""},
        
            {"text":"No","value":"No","valdn":""},
        
            {"text":"Don't know","value":"Don't know","valdn":""}
        
        ],
        "image":"",
        "lookup":{
        
        },
        "metadata":{
                
                },
        "crossFlow":[
        
        {"entity":"death","field":"age_value","ref":"deathId","condition":"age_value>=0.91","whereCondition":""}
        
        ],
        "crossCheck":{
        
        },
        "help":""
        },



        {
        "name":"onsetHeadache",
        "type":"radio",
        "valdn":"required",
        "label":"Was the onset of the headache fast or slow?",
        "flow":"data.headache=='Yes'",
        "value":"",
        "items":[
        
            {"text":"Fast","value":"Fast","valdn":""},
        
            {"text":"Slow","value":"Slow","valdn":""},
        
            {"text":"Don't know ","value":"Don't know ","valdn":""}
        
        ],
        "image":"",
        "lookup":{
        
        },
        "metadata":{
                
                },
        "crossFlow":[
        
        {"entity":"death","field":"age_value","ref":"deathId","condition":"age_value>=5","whereCondition":""}
        
        ],
        "crossCheck":{
        
        },
        "help":""
        },



        {
        "name":"stiffPainNeck",
        "type":"radio",
        "valdn":"required",
        "label":"Did s/he [name] have a stiff or painful neck?",
        "flow":"",
        "value":"",
        "items":[
        
            {"text":"Yes","value":"Yes","valdn":""},
        
            {"text":"No","value":"No","valdn":""},
        
            {"text":"Don't know","value":"Don't know","valdn":""}
        
        ],
        "image":"",
        "lookup":{
        
        },
        "metadata":{
                
                },
        "crossFlow":[
        
        {"entity":"death","field":"age_value","ref":"deathId","condition":"age_value>0.077","whereCondition":""}
        
        ],
        "crossCheck":{
        
        },
        "help":""
        },



        {
        "name":"durationStiffPainNeck",
        "type":"select_text",
        "valdn":"required",
        "label":"For how long before death did s/he [name] have a stiff or painful neck?",
        "flow":"data.stiffPainNeck=='Yes'",
        "value":"",
        "items":[
        
            {"text":"Days","value":"Days","valdn":"between[1:31],required"},
        
            {"text":"Months","value":"Months","valdn":"between[1:12],required"},
        
            {"text":"Years","value":"Years","valdn":"between[1:120],required"}
        
        ],
        "image":"",
        "lookup":{
        
        },
        "metadata":{
                
                },
        "crossFlow":[
        
        {"entity":"death","field":"age_value","ref":"deathId","condition":"age_value>0.077","whereCondition":""}
        
        ],
        "crossCheck":{
        
            "entity":"death",
            "field":"age_value",
            "ref":"deathId",
            "condition":"between[1:{value}],required"
        
        },
        "help":""
        }



]
}