{
"schemaName":"enum.eslDetail.pregnancy",
"onSave":"",
"condition":"",
"success":"",
"fail":"",
"crossEntity":"",
"properties":[


        {
        "name":"datastore",
        "type":"hidden",
        "valdn":"",
        "label":"",
        "flow":"",
        "value":"pregnancy",
        "items":[
        
        ],
        "image":"",
        "lookup":{
        
        },
        "metadata":{
                
                },
        "crossFlow":[
        
        ],
        "crossCheck":{
        
        },
        "help":""
        },



        {
        "name":"deathId",
        "type":"hidden",
        "valdn":"",
        "label":"",
        "flow":"",
        "value":"$stateParams.deathId",
        "items":[
        
        ],
        "image":"",
        "lookup":{
        
        },
        "metadata":{
                
                },
        "crossFlow":[
        
        ],
        "crossCheck":{
        
        },
        "help":""
        },



        {
        "name":"starttime",
        "type":"hidden",
        "valdn":"",
        "label":"",
        "flow":"",
        "value":"timestamp",
        "items":[
        
        ],
        "image":"",
        "lookup":{
        
        },
        "metadata":{
                
                },
        "crossFlow":[
        
        ],
        "crossCheck":{
        
        },
        "help":""
        },



        {
        "name":"",
        "type":"heading",
        "valdn":"required",
        "label":"Now, I would like to ask you few details about prenancy details",
        "flow":"",
        "value":"",
        "items":[
        
        ],
        "image":"",
        "lookup":{
        
        },
        "metadata":{
                
                },
        "crossFlow":[
        
        ],
        "crossCheck":{
        
        },
        "help":""
        },



        {
        "name":"pregDuration",
        "type":"text",
        "valdn":"between[1:12],required",
        "label":"How many months long was the pregnancy?",
        "flow":"",
        "value":"",
        "items":[
        
        ],
        "image":"",
        "lookup":{
        
        },
        "metadata":{
                
                },
        "crossFlow":[
        
        {"entity":"death","field":"age_value","ref":"deathId","condition":"age_value>=15 && age_value<50","whereCondition":""},
        
        {"entity":"death","field":"sex","ref":"deathId","condition":"sex=='Female'","whereCondition":""}
        
        ],
        "crossCheck":{
        
        },
        "help":""
        },



        {
        "name":"noPregnancy",
        "type":"text",
        "valdn":"between[1:20],required",
        "label":"How many times previously was she pregnant?",
        "flow":"",
        "value":"",
        "items":[
        
        ],
        "image":"",
        "lookup":{
        
        },
        "metadata":{
                
                },
        "crossFlow":[
        
        {"entity":"death","field":"age_value","ref":"deathId","condition":"age_value>=15 && age_value<50","whereCondition":""},
        
        {"entity":"death","field":"sex","ref":"deathId","condition":"sex=='Female'","whereCondition":""}
        
        ],
        "crossCheck":{
        
        },
        "help":""
        },



        {
        "name":"dieDuringDeliv",
        "type":"radio",
        "valdn":"required",
        "label":"Did the mother die during labour or delivery?",
        "flow":"",
        "value":"",
        "items":[
        
            {"text":"Yes","value":"Yes","valdn":""},
        
            {"text":"No","value":"No","valdn":""},
        
            {"text":"Don't know","value":"Don't know","valdn":""}
        
        ],
        "image":"",
        "lookup":{
        
        },
        "metadata":{
                
                },
        "crossFlow":[
        
        {"entity":"death","field":"age_value","ref":"deathId","condition":"age_value>=15 && age_value<50","whereCondition":""},
        
        {"entity":"death","field":"sex","ref":"deathId","condition":"sex=='Female'","whereCondition":""}
        
        ],
        "crossCheck":{
        
        },
        "help":""
        },



        {
        "name":"durAfterDelivery",
        "type":"text",
        "valdn":"between[1:99],required",
        "label":"How many days after delivery/abortion did she die?",
        "flow":"",
        "value":"",
        "items":[
        
        ],
        "image":"",
        "lookup":{
        
        },
        "metadata":{
                
                },
        "crossFlow":[
        
        {"entity":"death","field":"age_value","ref":"deathId","condition":"age_value>=15 && age_value<50","whereCondition":""},
        
        {"entity":"death","field":"sex","ref":"deathId","condition":"sex=='Female'","whereCondition":""}
        
        ],
        "crossCheck":{
        
        },
        "help":""
        },



        {
        "name":"babyUndelivered",
        "type":"radio",
        "valdn":"required",
        "label":"Was baby undelivered?",
        "flow":"data.dieAfterDeliv=='Yes' || data.dieWithin6Weeks=='Yes'",
        "value":"",
        "items":[
        
            {"text":"Yes","value":"Yes","valdn":""},
        
            {"text":"No","value":"No","valdn":""},
        
            {"text":"Don't know","value":"Don't know","valdn":""}
        
        ],
        "image":"",
        "lookup":{
        
        },
        "metadata":{
                
                },
        "crossFlow":[
        
        {"entity":"death","field":"age_value","ref":"deathId","condition":"age_value>=15 && age_value<50","whereCondition":""},
        
        {"entity":"death","field":"sex","ref":"deathId","condition":"sex=='Female'","whereCondition":""}
        
        ],
        "crossCheck":{
        
        },
        "help":""
        },



        {
        "name":"deliveryMode",
        "type":"radio",
        "valdn":"required",
        "label":"What was the mode of delivery?",
        "flow":"",
        "value":"",
        "items":[
        
            {"text":"Vaginal without forceps/vaccum","value":"Vaginal without forceps/vaccum","valdn":""},
        
            {"text":"Vaginal with forceps","value":"Vaginal with forceps","valdn":""},
        
            {"text":"Vaginal with vaccum","value":"Vaginal with vaccum","valdn":""},
        
            {"text":"Vaginal don't know (whether forceps or vaccume used)","value":"Vaginal don't know (whether forceps or vaccume used)","valdn":""},
        
            {"text":"Caesarean section","value":"Caesarean section","valdn":""},
        
            {"text":"Don't know","value":"Don't know","valdn":""}
        
        ],
        "image":"",
        "lookup":{
        
        },
        "metadata":{
                
                },
        "crossFlow":[
        
        {"entity":"death","field":"age_value","ref":"deathId","condition":"age_value>=15 && age_value<50","whereCondition":""},
        
        {"entity":"death","field":"sex","ref":"deathId","condition":"sex=='Female'","whereCondition":""}
        
        ],
        "crossCheck":{
        
        },
        "help":""
        },



        {
        "name":"hbp",
        "type":"radio",
        "valdn":"required",
        "label":"During this pregnancy, did the mother suffer from high blood pressure?",
        "flow":"",
        "value":"",
        "items":[
        
            {"text":"Yes","value":"Yes","valdn":""},
        
            {"text":"No","value":"No","valdn":""},
        
            {"text":"Don't know","value":"Don't know","valdn":""}
        
        ],
        "image":"",
        "lookup":{
        
        },
        "metadata":{
                
                },
        "crossFlow":[
        
        {"entity":"death","field":"age_value","ref":"deathId","condition":"age_value>=15 && age_value<50","whereCondition":""},
        
        {"entity":"death","field":"sex","ref":"deathId","condition":"sex=='Female'","whereCondition":""}
        
        ],
        "crossCheck":{
        
        },
        "help":""
        },



        {
        "name":"convulsions",
        "type":"radio",
        "valdn":"required",
        "label":"Did she have fits or loss of consciousness during pregnancy/during labour/after labour?",
        "flow":"",
        "value":"",
        "items":[
        
            {"text":"Yes","value":"Yes","valdn":""},
        
            {"text":"No","value":"No","valdn":""},
        
            {"text":"Don't know","value":"Don't know","valdn":""}
        
        ],
        "image":"",
        "lookup":{
        
        },
        "metadata":{
                
                },
        "crossFlow":[
        
        {"entity":"death","field":"age_value","ref":"deathId","condition":"age_value>=15 && age_value<50","whereCondition":""},
        
        {"entity":"death","field":"sex","ref":"deathId","condition":"sex=='Female'","whereCondition":""}
        
        ],
        "crossCheck":{
        
        },
        "help":""
        },



        {
        "name":"blurredVision",
        "type":"radio",
        "valdn":"required",
        "label":"During the last 3 months of this pregnancy did you/the mother suffer from blurred vision?",
        "flow":"",
        "value":"",
        "items":[
        
            {"text":"Yes","value":"Yes","valdn":""},
        
            {"text":"No","value":"No","valdn":""},
        
            {"text":"Don't know","value":"Don't know","valdn":""}
        
        ],
        "image":"",
        "lookup":{
        
        },
        "metadata":{
                
                },
        "crossFlow":[
        
        {"entity":"death","field":"age_value","ref":"deathId","condition":"age_value>=15 && age_value<50","whereCondition":""},
        
        {"entity":"death","field":"sex","ref":"deathId","condition":"sex=='Female'","whereCondition":""}
        
        ],
        "crossCheck":{
        
        },
        "help":""
        },



        {
        "name":"vaginalDischarge",
        "type":"radio",
        "valdn":"required",
        "label":"Did you/the mother have foul smelling vaginal discharge around the time of delivery or after delivery?",
        "flow":"",
        "value":"",
        "items":[
        
            {"text":"Yes","value":"Yes","valdn":""},
        
            {"text":"No","value":"No","valdn":""},
        
            {"text":"Don't know","value":"Don't know","valdn":""}
        
        ],
        "image":"",
        "lookup":{
        
        },
        "metadata":{
                
                },
        "crossFlow":[
        
        {"entity":"death","field":"age_value","ref":"deathId","condition":"age_value>=15 && age_value<50","whereCondition":""},
        
        {"entity":"death","field":"sex","ref":"deathId","condition":"sex=='Female'","whereCondition":""}
        
        ],
        "crossCheck":{
        
        },
        "help":""
        },



        {
        "name":"bleedDuringPregDeliv",
        "type":"radio",
        "valdn":"required",
        "label":"Was there excessive vaginal bleeding during this pregnancy or after delivery?",
        "flow":"",
        "value":"",
        "items":[
        
            {"text":"Yes","value":"Yes","valdn":""},
        
            {"text":"No","value":"No","valdn":""},
        
            {"text":"Don't know","value":"Don't know","valdn":""}
        
        ],
        "image":"",
        "lookup":{
        
        },
        "metadata":{
                
                },
        "crossFlow":[
        
        {"entity":"death","field":"age_value","ref":"deathId","condition":"age_value>=15 && age_value<50","whereCondition":""},
        
        {"entity":"death","field":"sex","ref":"deathId","condition":"sex=='Female'","whereCondition":""}
        
        ],
        "crossCheck":{
        
        },
        "help":""
        },



        {
        "name":"bleedF6MonthsPreg",
        "type":"radio",
        "valdn":"required",
        "label":"Was there vaginal bleeding during the first 6 months of pregnancy?",
        "flow":"",
        "value":"",
        "items":[
        
            {"text":"Yes","value":"Yes","valdn":""},
        
            {"text":"No","value":"No","valdn":""},
        
            {"text":"Don't know","value":"Don't know","valdn":""}
        
        ],
        "image":"",
        "lookup":{
        
        },
        "metadata":{
                
                },
        "crossFlow":[
        
        {"entity":"death","field":"age_value","ref":"deathId","condition":"age_value>=15 && age_value<50","whereCondition":""},
        
        {"entity":"death","field":"sex","ref":"deathId","condition":"sex=='Female'","whereCondition":""}
        
        ],
        "crossCheck":{
        
        },
        "help":""
        },



        {
        "name":"bleedL3MonthsPreg",
        "type":"radio",
        "valdn":"required",
        "label":"Was there vaginal bleeding during the last 3 months of pregnancy but before labour started?",
        "flow":"",
        "value":"",
        "items":[
        
            {"text":"Yes","value":"Yes","valdn":""},
        
            {"text":"No","value":"No","valdn":""},
        
            {"text":"Don't know","value":"Don't know","valdn":""}
        
        ],
        "image":"",
        "lookup":{
        
        },
        "metadata":{
                
                },
        "crossFlow":[
        
        {"entity":"death","field":"age_value","ref":"deathId","condition":"age_value>=15 && age_value<50","whereCondition":""},
        
        {"entity":"death","field":"sex","ref":"deathId","condition":"sex=='Female'","whereCondition":""}
        
        ],
        "crossCheck":{
        
        },
        "help":""
        },



        {
        "name":"bleedDuringLabDeliv",
        "type":"radio",
        "valdn":"required",
        "label":"Did you/the mother have excessive bleeding during labour or delivery?",
        "flow":"",
        "value":"",
        "items":[
        
            {"text":"Yes","value":"Yes","valdn":""},
        
            {"text":"No","value":"No","valdn":""},
        
            {"text":"Don't know","value":"Don't know","valdn":""}
        
        ],
        "image":"",
        "lookup":{
        
        },
        "metadata":{
                
                },
        "crossFlow":[
        
        {"entity":"death","field":"age_value","ref":"deathId","condition":"age_value>=15 && age_value<50","whereCondition":""},
        
        {"entity":"death","field":"sex","ref":"deathId","condition":"sex=='Female'","whereCondition":""}
        
        ],
        "crossCheck":{
        
        },
        "help":""
        },



        {
        "name":"bleedAfterDelivAbort",
        "type":"radio",
        "valdn":"required",
        "label":"Did you/the mother have excessive bleeding after delivery or abortion?",
        "flow":"",
        "value":"",
        "items":[
        
            {"text":"Yes","value":"Yes","valdn":""},
        
            {"text":"No","value":"No","valdn":""},
        
            {"text":"Don't know","value":"Don't know","valdn":""}
        
        ],
        "image":"",
        "lookup":{
        
        },
        "metadata":{
                
                },
        "crossFlow":[
        
        {"entity":"death","field":"age_value","ref":"deathId","condition":"age_value>=15 && age_value<50","whereCondition":""},
        
        {"entity":"death","field":"sex","ref":"deathId","condition":"sex=='Female'","whereCondition":""}
        
        ],
        "crossCheck":{
        
        },
        "help":""
        },



        {
        "name":"placentaDelivered",
        "type":"radio",
        "valdn":"required",
        "label":"Was the placenta completely delivered? ",
        "flow":"",
        "value":"",
        "items":[
        
            {"text":"Yes","value":"Yes","valdn":""},
        
            {"text":"No","value":"No","valdn":""},
        
            {"text":"Don't know","value":"Don't know","valdn":""}
        
        ],
        "image":"",
        "lookup":{
        
        },
        "metadata":{
                
                },
        "crossFlow":[
        
        {"entity":"death","field":"age_value","ref":"deathId","condition":"age_value>=15 && age_value<50","whereCondition":""},
        
        {"entity":"death","field":"sex","ref":"deathId","condition":"sex=='Female'","whereCondition":""}
        
        ],
        "crossCheck":{
        
        },
        "help":""
        },



        {
        "name":"durationLabour",
        "type":"text",
        "valdn":"between[0:72],required",
        "label":"For how long was you/the mother in labour (hours)?",
        "flow":"",
        "value":"",
        "items":[
        
        ],
        "image":"",
        "lookup":{
        
        },
        "metadata":{
                
                },
        "crossFlow":[
        
        {"entity":"death","field":"age_value","ref":"deathId","condition":"age_value>=15 && age_value<50","whereCondition":""},
        
        {"entity":"death","field":"sex","ref":"deathId","condition":"sex=='Female'","whereCondition":""}
        
        ],
        "crossCheck":{
        
        },
        "help":""
        },



        {
        "name":"terminatePreg",
        "type":"radio",
        "valdn":"required",
        "label":"Did you/the mother attempt to terminate the pregnancy?",
        "flow":"",
        "value":"",
        "items":[
        
            {"text":"Yes","value":"Yes","valdn":""},
        
            {"text":"No","value":"No","valdn":""},
        
            {"text":"Don't know","value":"Don't know","valdn":""}
        
        ],
        "image":"",
        "lookup":{
        
        },
        "metadata":{
                
                },
        "crossFlow":[
        
        {"entity":"death","field":"age_value","ref":"deathId","condition":"age_value>=15 && age_value<50","whereCondition":""},
        
        {"entity":"death","field":"sex","ref":"deathId","condition":"sex=='Female'","whereCondition":""}
        
        ],
        "crossCheck":{
        
        },
        "help":""
        },



        {
        "name":"dieAbortion",
        "type":"radio",
        "valdn":"required",
        "label":"Did the mother die during an abortion?",
        "flow":"",
        "value":"",
        "items":[
        
            {"text":"Yes","value":"Yes","valdn":""},
        
            {"text":"No","value":"No","valdn":""},
        
            {"text":"Don't know","value":"Don't know","valdn":""}
        
        ],
        "image":"",
        "lookup":{
        
        },
        "metadata":{
                
                },
        "crossFlow":[
        
        {"entity":"death","field":"age_value","ref":"deathId","condition":"age_value>=15 && age_value<50","whereCondition":""},
        
        {"entity":"death","field":"sex","ref":"deathId","condition":"sex=='Female'","whereCondition":""}
        
        ],
        "crossCheck":{
        
        },
        "help":""
        },



        {
        "name":"childBornLocation",
        "type":"radio",
        "valdn":"required",
        "label":"Where was the delivery/abortion?",
        "flow":"",
        "value":"",
        "items":[
        
            {"text":"Home","value":"Home","valdn":""},
        
            {"text":"On way to Health facility","value":"On way to Health facility","valdn":""},
        
            {"text":"PHC/CHC/Rural Hospital","value":"PHC/CHC/Rural Hospital","valdn":""},
        
            {"text":"Public Hospital","value":"Public Hospital","valdn":""},
        
            {"text":"Private Hospital","value":"Private Hospital","valdn":""},
        
            {"text":"Other place","value":"Other place","valdn":""},
        
            {"text":"Don’t Know","value":"Don’t Know","valdn":""}
        
        ],
        "image":"",
        "lookup":{
        
        },
        "metadata":{
                
                },
        "crossFlow":[
        
        {"entity":"death","field":"age_value","ref":"deathId","condition":"age_value>=15 && age_value<50","whereCondition":""},
        
        {"entity":"death","field":"sex","ref":"deathId","condition":"sex=='Female'","whereCondition":""}
        
        ],
        "crossCheck":{
        
        },
        "help":""
        },



        {
        "name":"otherDeliveryLocation",
        "type":"text",
        "valdn":"required",
        "label":"Specify the place of delivery",
        "flow":"data.childBornLocation=='Other place'",
        "value":"",
        "items":[
        
        ],
        "image":"",
        "lookup":{
        
        },
        "metadata":{
                
                },
        "crossFlow":[
        
        {"entity":"death","field":"age_value","ref":"deathId","condition":"age_value>=15 && age_value<50","whereCondition":""},
        
        {"entity":"death","field":"sex","ref":"deathId","condition":"sex=='Female'","whereCondition":""}
        
        ],
        "crossCheck":{
        
        },
        "help":""
        },



        {
        "name":"deliveryAttended",
        "type":"radio",
        "valdn":"required",
        "label":"Who attended the delivery/abortion?",
        "flow":"",
        "value":"",
        "items":[
        
            {"text":"Allopathic Doctor","value":"Allopathic Doctor","valdn":""},
        
            {"text":"Ayurvedic/Homeopathic/Unani Doctor","value":"Ayurvedic/Homeopathic/Unani Doctor","valdn":""},
        
            {"text":"Midwife/Nurse","value":"Midwife/Nurse","valdn":""},
        
            {"text":"Trainined traditional birth attendant","value":"Trainined traditional birth attendant","valdn":""},
        
            {"text":"Untrainined traditional birth attendant","value":"Untrainined traditional birth attendant","valdn":""},
        
            {"text":"Other","value":"Other","valdn":""},
        
            {"text":"None","value":"None","valdn":""},
        
            {"text":"Don't know","value":"Don't know","valdn":""}
        
        ],
        "image":"",
        "lookup":{
        
        },
        "metadata":{
                
                },
        "crossFlow":[
        
        {"entity":"death","field":"age_value","ref":"deathId","condition":"age_value>=15 && age_value<50","whereCondition":""},
        
        {"entity":"death","field":"sex","ref":"deathId","condition":"sex=='Female'","whereCondition":""}
        
        ],
        "crossCheck":{
        
        },
        "help":""
        },



        {
        "name":"removeUterus",
        "type":"radio",
        "valdn":"required",
        "label":"Did the mother have an operation to remove her uterus shortly before death?",
        "flow":"",
        "value":"",
        "items":[
        
            {"text":"Yes","value":"Yes","valdn":""},
        
            {"text":"No","value":"No","valdn":""},
        
            {"text":"Don't know","value":"Don't know","valdn":""}
        
        ],
        "image":"",
        "lookup":{
        
        },
        "metadata":{
                
                },
        "crossFlow":[
        
        {"entity":"death","field":"age_value","ref":"deathId","condition":"age_value>=15 && age_value<50","whereCondition":""},
        
        {"entity":"death","field":"sex","ref":"deathId","condition":"sex=='Female'","whereCondition":""}
        
        ],
        "crossCheck":{
        
        },
        "help":""
        },



        {
        "name":"tetanusToxoidVacc",
        "type":"radio",
        "valdn":"required",
        "label":"Did the mother receive tetanus toxoid (TT) vaccine during this pregnancy?",
        "flow":"",
        "value":"",
        "items":[
        
            {"text":"Yes","value":"Yes","valdn":""},
        
            {"text":"No","value":"No","valdn":""},
        
            {"text":"Don't know","value":"Don't know","valdn":""}
        
        ],
        "image":"",
        "lookup":{
        
        },
        "metadata":{
                
                },
        "crossFlow":[
        
        {"entity":"death","field":"age_value","ref":"deathId","condition":"age_value>=15 && age_value<50","whereCondition":""},
        
        {"entity":"death","field":"sex","ref":"deathId","condition":"sex=='Female'","whereCondition":""}
        
        ],
        "crossCheck":{
        
        },
        "help":""
        },



        {
        "name":"tetanusDoses",
        "type":"radio",
        "valdn":"required",
        "label":"How many doses of tetanus toxoid (TT) vaccine did the mother receive during this pregnancy?",
        "flow":"data.tetanusToxoidVac=='Yes'",
        "value":"",
        "items":[
        
            {"text":"None","value":"None","valdn":""},
        
            {"text":"1","value":"1","valdn":""},
        
            {"text":"2","value":"2","valdn":""},
        
            {"text":"Don't know","value":"Don't know","valdn":""}
        
        ],
        "image":"",
        "lookup":{
        
        },
        "metadata":{
                
                },
        "crossFlow":[
        
        {"entity":"death","field":"age_value","ref":"deathId","condition":"age_value>=15 && age_value<50","whereCondition":""},
        
        {"entity":"death","field":"sex","ref":"deathId","condition":"sex=='Female'","whereCondition":""}
        
        ],
        "crossCheck":{
        
        },
        "help":""
        }



]
}